title,budget,revenue,roi
The Blair Witch Project,60000,248000000,4133.33
Super Size Me,65000,28575078,439.62
The Gallows,100000,42664410,426.64
Open Water,130000,54667954,420.52
The Texas Chain Saw Massacre,85000,30859000,363.05
Bambi,858000,267447150,311.71
The Stewardesses,100000,27000000,270.0
Night of the Living Dead,114000,30000000,263.16
Mad Max,400000,100000000,250.0
Halloween,300000,70000000,233.33
American Graffiti,777000,140000000,180.18
Once,160000,20710513,129.44
Snow White and the Seven Dwarfs,1488423,184925486,124.24
Rocky,1000000,117235147,117.24
Clerks,27000,3151130,116.71
Napoleon Dynamite,400000,46118097,115.3
Facing the Giants,100000,10178331,101.78
The Devil Inside,1000000,101758490,101.76
Sweet Sweetback's Baadasssss Song,150000,15200000,101.33
Gone with the Wind,4000000,400176459,100.04
The Big Parade,245000,22000000,89.8
Saw,1200000,103911669,86.59
The Evil Dead,350000,29400000,84.0
E.T. the Extra-Terrestrial,10500000,792910554,75.52
My Big Fat Greek Wedding,5000000,368744044,73.75
The Full Monty,3500000,257850122,73.67
Per un pugno di dollari,200000,14500000,72.5
Star Wars,11000000,775398007,70.49
Jaws,7000000,470654000,67.24
Fireproof,500000,33456317,66.91
Crocodile Dundee,5000000,328203506,65.64
Insidious,1500000,97009150,64.67
Unfriended,1000000,62882090,62.88
Dr. No,950000,59600000,62.74
Paranormal Activity 2,3000000,177512032,59.17
Woodstock,600000,34505110,57.51
The Exorcist,8000000,441306145,55.16
Pi,60000,3221152,53.69
Animal House,2700000,141000000,52.22
Goldfinger,2500000,124881062,49.95
Chasing Amy,250000,12021272,48.09
An Inconvenient Truth,1000000,46243000,46.24
Blazing Saddles,2600000,119500000,45.96
Four Weddings and a Funeral,6000000,254700832,42.45
Roger & Me,160000,6706368,41.91
Paranormal Activity 3,5000000,205703818,41.14
The Godfather,6000000,245066411,40.84
Psycho,806948,32000000,39.66
From Russia with Love,2000000,78898765,39.45
Annabelle,6500000,255273813,39.27
Saw II,4000000,152925093,38.23
The Last Exorcism,1800000,67738090,37.63
Tom Jones,1000000,37600000,37.6
Fantasia,2280000,83320000,36.54
One Flew Over the Cuckoo's Nest,3000000,108981275,36.33
Das Leben der Anderen,2000000,70000000,35.0
The Sound of Music,8200000,286214286,34.9
Courageous,1000000,34522221,34.52
Kingdom of the Spiders,500000,17000000,34.0
Pretty Woman,14000000,463000000,33.07
Police Academy,4500000,146198896,32.49
Pinocchio,2600000,84300000,32.42
Porky's,4000000,125728258,31.43
Juno,7500000,231411584,30.85
Young Frankenstein,2800000,86273333,30.81
Grease,6000000,181813770,30.3
Lost in Translation,4000000,119723856,29.93
The Empire Strikes Back,18000000,538400000,29.91
The Purge,3000000,89328627,29.78
The Sting,5500000,159616327,29.02
Paranormal Activity 4,5000000,142817992,28.56
The King's Speech,15000000,414211549,27.61
Pulp Fiction,8000000,213928762,26.74
Death Race 2000,300000,8000000,26.67
Home Alone,18000000,476684675,26.48
Tupac: Resurrection,300000,7808524,26.03
Sinister,3000000,77712439,25.9
Dope,700000,17986781,25.7
Thunderball,5500000,141195658,25.67
The Fault in Our Stars,12000000,307166834,25.6
Your Sister's Sister,125000,3200000,25.6
Black Swan,13000000,327803731,25.22
Slumdog Millionaire,15000000,377910544,25.19
Sling Blade,1000000,24475416,24.48
The Conjuring,13000000,318000141,24.46
A Haunted House,2500000,60141683,24.06
Magic Mike,7000000,167221571,23.89
Airplane!,3500000,83453539,23.84
"The Beast from 20,000 Fathoms",210000,5000000,23.81
Top Gun,15000000,356830601,23.79
American Beauty,15000000,356296601,23.75
Flashdance,4000000,92921203,23.23
Live and Let Die,7000000,161777836,23.11
Platoon,6000000,138530565,23.09
Ghost,22000000,505000000,22.95
The French Connection,1800000,41158757,22.87
Fatal Attraction,14000000,320145693,22.87
Good Will Hunting,10000000,225933435,22.59
Swingers,200000,4505922,22.53
Billy Elliot,5000000,110000000,22.0
A Hard Day's Night,560000,12299668,21.96
Bend It Like Beckham,3500159,76578641,21.88
The Omen,2800000,60922980,21.76
Intolerance,385907,8394751,21.75
Taxi Driver,1300000,28262574,21.74
Raiders of the Lost Ark,18000000,389925971,21.66
American Pie,11000000,235483004,21.41
The Fog,1000000,21378361,21.38
Beverly Hills Cop,15000000,316360478,21.09
Ouija,5000000,103590271,20.72
The Passion of the Christ,30000000,611899420,20.4
[REC],1500000,30448000,20.3
Back to the Future,19000000,381109762,20.06
Home Alone 2: Lost in New York,18000000,358991681,19.94
Fahrenheit 9/11,6000000,119114517,19.85
The Visit,5000000,98450062,19.69
Driving Miss Daisy,7500000,145793296,19.44
The Lazarus Effect,3300000,64110728,19.43
Dances with Wolves,22000000,424208848,19.28
Tadpole,150000,2891288,19.28
Beyond the Valley of the Dolls,2090000,40000000,19.14
From Here to Eternity,1650000,30500000,18.48
The Grudge,10000000,183474602,18.35
千と千尋の神隠し,15000000,274925095,18.33
No se Aceptan Devoluciones,5500000,99067206,18.01
Aladdin,28000000,504050219,18.0
The Howling,1000000,17985893,17.99
Another Earth,100000,1776935,17.77
Return of the Jedi,32350000,572700000,17.7
Mrs. Doubtfire,25000000,441286195,17.65
The Lion King,45000000,788241776,17.52
Le fabuleux destin d'Amélie Poulain,10000000,173921954,17.39
Friday the 13th Part 2,1250000,21722776,17.38
The Station Agent,500000,8679814,17.36
Paranormal Activity: The Marked Ones,5000000,86362372,17.27
Butch Cassidy and the Sundance Kid,6000000,102308889,17.05
Mary Poppins,6000000,102272727,17.05
El secreto de sus ojos,2000000,33965843,16.98
The Crying Game,3705538,62548947,16.88
The Sixth Sense,40000000,672806292,16.82
Hostel,4800000,80578934,16.79
Lovely & Amazing,250000,4186931,16.75
The Imitation Game,14000000,233555708,16.68
The Piano,7000000,116700000,16.67
一代宗師,3860000,64076736,16.6
28 Days Later,5000000,82719885,16.54
"Good bye, Lenin!",4800000,79384880,16.54
Rain Man,25000000,412800000,16.51
The Bodyguard,25000000,411006740,16.44
Saw III,10000000,163876815,16.39
Diamonds Are Forever,7200000,116019547,16.11
There's Something About Mary,23000000,369884651,16.08
La Marche de l'empereur,8000000,127392239,15.92
Minions,74000000,1156730962,15.63
Dumb and Dumber,16000000,247275374,15.45
The Mask,23000000,351583407,15.29
Close Encounters of the Third Kind,20000000,303788635,15.19
Crash,6500000,98410061,15.14
Beverly Hills Cop II,20000000,299965036,15.0
Neighbors,18000000,268157400,14.9
The Prince,18000000,266586800,14.81
Schindler's List,22000000,321365567,14.61
Jurassic Park,63000000,920100000,14.6
Hellraiser,1000000,14564027,14.56
Borat: Cultural Learnings of America for Make Benefit Glorious Nation of Kazakhstan,18000000,261572744,14.53
Twins,15000000,216614388,14.44
Dead Poets Society,16400000,235860116,14.38
The Silence of the Lambs,19000000,272742922,14.35
Fifty Shades of Grey,40000000,571006128,14.28
The Twilight Saga: New Moon,50000000,709827462,14.2
A Nightmare on Elm Street,1800000,25504513,14.17
Like Crazy,250000,3542353,14.17
The Black Stallion,2700000,37799643,14.0
Saw IV,10000000,139352633,13.94
The Man with the Golden Gun,7000000,97572000,13.94
Gremlins,11000000,153083102,13.92
It Happened One Night,325000,4500000,13.85
Leaving Las Vegas,3600000,49800000,13.83
The Best Exotic Marigold Hotel,10000000,136836156,13.68
Deadpool,58000000,783112979,13.5
Kindergarten Cop,15000000,201957688,13.46
2016: Obama's America,2500000,33400000,13.36
Transamerica,1000000,13350369,13.35
The Spy Who Loved Me,14000000,185438673,13.25
The Hangover,35000000,459270619,13.12
The Boy Next Door,4000000,52425855,13.11
The Blue Lagoon,4500000,58853106,13.08
Jackass: The Movie,5000000,64282312,12.86
Despicable Me 2,76000000,970761885,12.77
Brokeback Mountain,14000000,178043761,12.72
Friday the 13th: The Final Chapter,2600000,32980880,12.68
On Her Majesty's Secret Service,6500000,81974493,12.61
Little Miss Sunshine,8000000,100523181,12.57
Monty Python and the Holy Grail,400000,5028948,12.57
卧虎藏龙,17000000,213525736,12.56
Toy Story,30000000,373554033,12.45
Midnight Cowboy,3600000,44785053,12.44
Scream,14000000,173046663,12.36
Forrest Gump,55000000,677945399,12.33
Mad Max 2,2000000,24600832,12.3
The Terminator,6400000,78371200,12.25
Reservoir Dogs,1200000,14661007,12.22
The Wizard of Oz,2777000,33754967,12.16
The Purge: Anarchy,9000000,108782847,12.09
Casablanca,878000,10462500,11.92
The Lord of the Rings: The Return of the King,94000000,1118888979,11.9
Indiana Jones and the Temple of Doom,28000000,333000000,11.89
The Purge: Election Year,10000000,118587880,11.86
The Gift,5000000,58978653,11.8
Avatar,237000000,2787965087,11.76
Batman,35000000,411348924,11.75
You Only Live Twice,9500000,111584787,11.75
The Lord of the Rings: The Two Towers,79000000,926287400,11.73
Mamma Mia!,52000000,609841637,11.73
Beasts of the Southern Wild,1800000,21107746,11.73
The Secret Life of Pets,75000000,875958308,11.68
Speed,30000000,350448145,11.68
Shakespeare in Love,25000000,289317794,11.57
The Witch,3500000,40423945,11.55
Born on the Fourth of July,14000000,161001698,11.5
The Broadway Melody,379000,4358000,11.5
The Grace Card,200000,2295733,11.48
Poltergeist,10700000,122200000,11.42
Unforgiven,14000000,159157447,11.37
The Karate Kid,8000000,90815558,11.35
Bridget Jones's Diary,25000000,281929795,11.28
The Best Years of Our Lives,2100000,23650000,11.26
Monster's Ball,4000000,44909486,11.23
Hoop Dreams,700000,7830611,11.19
The Bridge on the River Kwai,3000000,33300000,11.1
Boyhood,4000000,44349000,11.09
Waitress,2000000,22179430,11.09
Cool Runnings,14000000,154864401,11.06
Dallas Buyers Club,5000000,55198285,11.04
She Done Him Wrong,200000,2200000,11.0
Ted,50000000,549368315,10.99
High Noon,730000,8000000,10.96
Independence Day,75000000,816969268,10.89
No Escape,5000000,54418872,10.88
Bad Teacher,20000000,216197492,10.81
Chariots of Fire,5500000,58972904,10.72
Garden State,2500000,26781723,10.71
The Blind Side,29000000,309208309,10.66
Twilight,37000000,392616625,10.61
On the Waterfront,910000,9600000,10.55
Saw V,10800000,113857533,10.54
Amores perros,2000000,20908467,10.45
Rosemary's Baby,3200000,33395426,10.44
Insidious: Chapter 3,10000000,104303851,10.43
Me Before You,20000000,207945075,10.4
A Nightmare on Elm Street 4: The Dream Master,7000000,72500000,10.36
Des hommes et des dieux,4000000,41424067,10.36
She's All That,10000000,103166989,10.32
The Twilight Saga: Eclipse,68000000,698491347,10.27
The Maze Runner,34000000,348319861,10.24
Doctor Zhivago,11000000,111858363,10.17
Romeo + Juliet,14500000,147298761,10.16
Jackass Presents: Bad Grandpa,15000000,151831537,10.12
Jurassic World,150000000,1513528810,10.09
Cry_Wolf,1000000,10047674,10.05
Gojira ni-sen mireniamu,1000000,10037390,10.04
Kissing Jessica Stein,1000000,10013424,10.01
Finding Nemo,94000000,940335536,10.0
A Nightmare on Elm Street Part 2: Freddy's Revenge,3000000,29999213,10.0
Friday the 13th: A New Beginning,2200000,21930418,9.97
Snow Flower and the Secret Fan,134005,1332231,9.94
Se7en,33000000,327311859,9.92
The Kids Are All Right,3500000,34705850,9.92
Pitch Perfect 2,29000000,287506194,9.91
Aliens,18500000,183316455,9.91
Indiana Jones and the Last Crusade,48000000,474171806,9.88
Ice Age: Dawn of the Dinosaurs,90000000,886686817,9.85
Bronson,230000,2260712,9.83
Silver Linings Playbook,21000000,205738714,9.8
ハウルの動く城,24000000,234710455,9.78
Mama,15000000,146497771,9.77
Footloose,8200000,80035402,9.76
The Color Purple,15000000,146292009,9.75
Day of the Dead,3500000,34000000,9.71
Chronicle,15000000,145000000,9.67
Sliding Doors,6000000,58000000,9.67
Buried,1987650,19152480,9.64
American Pie 2,30000000,287553595,9.59
Annie Hall,4000000,38251425,9.56
Madea's Family Reunion,6000000,57231524,9.54
Alien,11000000,104931801,9.54
"Good Morning, Vietnam",13000000,123922370,9.53
Step Up,12000000,114194847,9.52
Austin Powers: The Spy Who Shagged Me,33000000,310940086,9.42
Jaws 2,20000000,187884007,9.39
The Lord of the Rings: The Fellowship of the Ring,93000000,871368364,9.37
Easy A,8000000,74952305,9.37
12 Years a Slave,20000000,187000000,9.35
The Devil Wears Prada,35000000,326551094,9.33
Cidade de Deus,3300000,30641770,9.29
El Mariachi,220000,2040920,9.28
Fiddler on the Roof,9000000,83304330,9.26
Titanic,200000000,1845034188,9.23
Ice Age: Continental Drift,95000000,877244782,9.23
The Hunger Games,75000000,691210692,9.22
American Sniper,58800000,542307423,9.22
Bad Moms,20000000,183936074,9.2
Lethal Weapon 3,35000000,321731527,9.19
Mr. Bean's Holiday,25000000,229736344,9.19
Friday the 13th Part III,4000000,36690067,9.17
Sleeper,2000000,18344729,9.17
Red Dawn,4200000,38376497,9.14
High Anxiety,3400000,31063038,9.14
The Sessions,1000000,9138338,9.14
White Noise,10000000,91196419,9.12
Taken,25000000,226830568,9.07
Everything You Always Wanted to Know About Sex *But Were Afraid to Ask,2000000,18016290,9.01
Lights Out,4900000,44107032,9.0
The Greatest Show on Earth,4000000,36000000,9.0
Love Me Tender,1000000,9000000,9.0
A Nightmare on Elm Street 3: Dream Warriors,5000000,44793222,8.96
The Artist,15000000,133432856,8.9
Bowling for Columbine,4000000,35564473,8.89
Bridesmaids,32500000,288383523,8.87
The Descendants,20000000,177243185,8.86
Boyz n the Hood,6500000,57504069,8.85
The Iron Lady,13000000,114956699,8.84
Oculus,5000000,44030246,8.81
The Lost Weekend,1250000,11000000,8.8
The Robe,4100000,36000000,8.78
Still Alice,5000000,43884652,8.78
Harry Potter and the Chamber of Secrets,100000000,876688482,8.77
Splash,8000000,69821334,8.73
Some Like It Hot,2883848,25000000,8.67
Notting Hill,42000000,363889678,8.66
The Santa Clause,22000000,189833357,8.63
The Second Best Exotic Marigold Hotel,10000000,85978266,8.6
The English Patient,27000000,231976425,8.59
Stripes,10000000,85300000,8.53
Frozen,150000000,1274219009,8.49
Monsters,500000,4242978,8.49
Babe,30000000,254134910,8.47
Time Bandits,5000000,42365581,8.47
Tootsie,21000000,177200000,8.44
Heaven is for Real,12000000,101332962,8.44
Big,18000000,151668774,8.43
DodgeBall: A True Underdog Story,20000000,167722310,8.39
The Fugitive,44000000,368875760,8.38
Escape from New York,6000000,50244700,8.37
The Return of the Pink Panther,5000000,41833347,8.37
Taken 2,45000000,376141306,8.36
Snatch,10000000,83557872,8.36
First Blood,15000000,125212904,8.35
Philomena,12000000,100129872,8.34
La Bamba,6500000,54215416,8.34
Project X,12000000,100000000,8.33
The Apartment,3000000,25000000,8.33
Back to the Future Part II,40000000,332000000,8.3
Magic Mike XXL,14800000,122513057,8.28
Ice Age: The Meltdown,80000000,660940780,8.26
The Theory of Everything,15000000,123726688,8.25
The Queen,15000000,123384128,8.23
Gran Torino,33000000,269958228,8.18
Sense and Sensibility,16500000,135000000,8.18
Dirty Grandpa,11500000,94073028,8.18
Robin Hood: Prince of Thieves,48000000,390493908,8.14
(500) Days of Summer,7500000,60722734,8.1
The Waterboy,23000000,185991646,8.09
Shrek,60000000,484409218,8.07
Star Trek II: The Wrath of Khan,12000000,96800000,8.07
Friday,3500000,28215918,8.06
Star Wars: Episode I - The Phantom Menace,115000000,924317558,8.04
Let's Be Cops,17000000,136621271,8.04
괴물,11000000,88489643,8.04
"As Above, So Below",5000000,40100000,8.02
Think Like a Man,12000000,96070507,8.01
The Conjuring 2,40000000,320170008,8.0
The Last King of Scotland,6000000,48027970,8.0
Menace II Society,3500000,27900000,7.97
Philadelphia,26000000,206678440,7.95
Furious 7,190000000,1506249360,7.93
The Proposal,40000000,317375031,7.93
Begin Again,8000000,63464861,7.93
Scoop,4000000,31584901,7.9
Despicable Me,69000000,543513985,7.88
My Best Friend's Wedding,38000000,299288605,7.88
Legally Blonde,18000000,141774679,7.88
Bloodsport,1500000,11806119,7.87
The Lego Movie,60000000,469160692,7.82
Harry Potter and the Philosopher's Stone,125000000,976475550,7.81
"Good Night, and Good Luck.",7000000,54600000,7.8
Sands of Iwo Jima,1000000,7800000,7.8
Air Bud,3000000,23144499,7.71
National Lampoon’s Van Wilder,5000000,38275483,7.66
Ночной дозор,4200000,32000000,7.62
The Exorcism of Emily Rose,19000000,144216468,7.59
Mean Girls,17000000,129042871,7.59
The Bridges of Madison County,24000000,182016617,7.58
Justin Bieber: Never Say Never,13000000,98441954,7.57
Monster,8000000,60378584,7.55
Phone Booth,13000000,97837138,7.53
Star Wars: Episode III - Revenge of the Sith,113000000,850000000,7.52
The Woman in Black,17000000,127730736,7.51
Shaun of the Dead,4000000,30039392,7.51
Road Trip,16000000,119754278,7.48
Patton,12000000,89800000,7.48
Beverly Hills Chihuahua,20000000,149281606,7.46
The Wrestler,6000000,44703995,7.45
Bad Boys,19000000,141407024,7.44
The Flintstones,46000000,341631208,7.43
East Is East,3800000,28200000,7.42
Sausage Party,19000000,140752617,7.41
The Squid and the Whale,1500000,11098131,7.4
I Know What You Did Last Summer,17000000,125586134,7.39
The Butterfly Effect,13000000,96060858,7.39
Hard Candy,950000,7022209,7.39
The Matrix,63000000,463517383,7.36
It Follows,2000000,14674076,7.34
We're the Millers,37000000,269994119,7.3
Knocked Up,30000000,219076518,7.3
West Side Story,6000000,43656822,7.28
A Man for All Seasons,3900000,28350000,7.27
Les Misérables,61000000,441809770,7.24
Million Dollar Baby,30000000,216763646,7.23
Cruel Intentions,10500000,75902208,7.23
10 Cloverfield Lane,15000000,108286421,7.22
Straight Outta Compton,28000000,201634991,7.2
Hit & Run,2000000,14400000,7.2
Scream 2,24000000,172363301,7.18
If I Stay,11000000,78874843,7.17
Ace Ventura: Pet Detective,15000000,107217396,7.15
Paper Towns,12000000,85512300,7.13
Airlift,4500000,32000000,7.11
Madagascar,75000000,532680671,7.1
Ace Ventura: When Nature Calls,30000000,212385533,7.08
Paul Blart: Mall Cop,26000000,183293131,7.05
The Simpsons Movie,75000000,527068851,7.03
District 9,30000000,210819611,7.03
Half Nelson,700000,4911725,7.02
The Shallows,17000000,119100758,7.01
Capote,7000000,49084830,7.01
Save the Last Dance,13000000,91038276,7.0
A Room with a View,3000000,20966644,6.99
For Your Eyes Only,28000000,195312802,6.98
Winter's Bone,2000000,13831503,6.92
The Avengers,220000000,1519557910,6.91
The Twilight Saga: Breaking Dawn - Part 2,120000000,829000000,6.91
Ayurveda: Art of Being,300000,2074000,6.91
Saving Private Ryan,70000000,481840909,6.88
End of Watch,7000000,48126384,6.88
Big Daddy,34200000,234801895,6.87
The Land Before Time,12300000,84460846,6.87
The Incredibles,92000000,631442092,6.86
No Country for Old Men,25000000,171600000,6.86
Friday the 13th Part VII: The New Blood,2800000,19170001,6.85
Sideways,16000000,109502303,6.84
Apollo 13,52000000,355237933,6.83
Rambo: First Blood Part II,44000000,300400432,6.83
Cloverfield,25000000,170764026,6.83
Gravity,105000000,716392705,6.82
Chicago,45000000,306776732,6.82
Octopussy,27500000,187500000,6.82
17 Again,20000000,136267476,6.81
Saw 3D,20000000,136150434,6.81
Niagara,1250000,8500000,6.8
Taken 3,48000000,325771424,6.79
Mortal Kombat,18000000,122195920,6.79
Pitch Perfect,17000000,115350426,6.79
The Jungle Book 2,20000000,135680000,6.78
Catch Me If You Can,52000000,352114312,6.77
Act of Valor,12000000,81272766,6.77
The Game Plan,22000000,147880543,6.72
My Bloody Valentine,15000000,100734718,6.72
Y tu mamá también,5000000,33616692,6.72
Hot Fuzz,12000000,80573774,6.71
Skyline,10000000,66821036,6.68
Human Traffic,600000,4000000,6.67
Walk the Line,28000000,186438883,6.66
True Grit,38000000,252276927,6.64
The Hunt for Red October,30000000,199200000,6.64
Caddyshack,6000000,39846344,6.64
Bringing Down the House,20000000,132675402,6.63
WarGames,12000000,79567667,6.63
Volver,12899867,85582407,6.63
Jackass Number Two,11000000,72778712,6.62
Step Up 2: The Streets,23000000,150816700,6.56
To Kill a Mockingbird,2000000,13129846,6.56
Men in Black,90000000,589390539,6.55
Up in the Air,25000000,163670000,6.55
Silent House,2000000,13101672,6.55
The Vow,30000000,196114570,6.54
2001: A Space Odyssey,10500000,68700000,6.54
Stand by Me,8000000,52287414,6.54
The Hunger Games: Catching Fire,130000000,847423452,6.52
Ice Age,59000000,383257136,6.5
300,65000000,422610419,6.5
Rocky Balboa,24000000,155721132,6.49
Friday the 13th Part VI: Jason Lives,3000000,19472057,6.49
Meet the Fockers,80000000,516642939,6.46
The Firm,42000000,270248367,6.43
Vicky Cristina Barcelona,15000000,96408652,6.43
The Curse of the Were-Rabbit,30000000,192452832,6.42
The Boy,10000000,64188367,6.42
House at the End of the Street,6900000,44287131,6.42
Tiny Furniture,65000,416498,6.41
Mr. Smith Goes to Washington,1500000,9600000,6.4
Martin Lawrence Live: Runteldat,3000000,19184015,6.39
The Addams Family,30000000,191502426,6.38
"It's a Mad, Mad, Mad, Mad World",9400000,60000000,6.38
Spring Breakers,5000000,31724284,6.34
A Lonely Place to Die,4000000,25345000,6.34
The Bourne Ultimatum,70000000,442824138,6.33
Beneath the Planet of the Apes,3000000,18999718,6.33
Barbershop,12000000,75781642,6.32
Pocahontas,55000000,346079773,6.29
As Good as It Gets,50000000,314178011,6.28
American Hustle,40000000,251171807,6.28
The Crow,15000000,94000000,6.27
Mystic River,25000000,156822020,6.27
Harry Potter and the Order of the Phoenix,150000000,938212738,6.25
Network,3800000,23689877,6.23
Waiting...,3000000,18637690,6.21
Saw VI,11000000,68233629,6.2
Moonraker,34000000,210308099,6.19
Ride Along,25000000,153997819,6.16
Super Troopers,3000000,18492362,6.16
The Da Vinci Code,125000000,767820459,6.14
Shrek 2,150000000,919838758,6.13
Love Actually,40000000,244931766,6.12
Back to the Future Part III,40000000,244527583,6.11
Chocolat,25000000,152500343,6.1
The Possession,14000000,85446075,6.1
Iron Man 3,200000000,1215439994,6.08
Harry Potter and the Prisoner of Azkaban,130000000,789804554,6.08
A Few Good Men,40000000,243240178,6.08
The Ides of March,12500000,75993061,6.08
Wayne's World,20000000,121697323,6.08
GoldenEye,58000000,352194034,6.07
Superbad,20000000,121463226,6.07
Das Boot,14000000,85000000,6.07
Bruce Almighty,80000000,484572835,6.06
Gone Girl,61000000,369330363,6.05
Kill Bill: Vol. 1,30000000,180949000,6.03
The Hunger Games: Mockingjay - Part 1,125000000,752100229,6.02
Alvin and the Chipmunks,60000000,361366633,6.02
Sweet Home Alabama,30000000,180622424,6.02
Fast Times at Ridgemont High,4500000,27092880,6.02
Meet the Parents,55000000,330444045,6.01
もののけ姫,26500000,159375308,6.01
Mean Streets,500000,3000000,6.0
Harry Potter and the Goblet of Fire,150000000,895921036,5.97
Yeh Jawaani Hai Deewani,7700000,46000000,5.97
Hotel Transylvania 2,80000000,473226958,5.92
Jeepers Creepers,10000000,59217789,5.92
Before Sunset,2700000,15992615,5.92
Bananas,2000000,11833696,5.92
Spider-Man,139000000,821708551,5.91
Alvin and the Chipmunks: The Squeakquel,75000000,443140005,5.91
No Strings Attached,25000000,147780440,5.91
Room,6000000,35401758,5.9
The Man from Snowy River,3500000,20659423,5.9
Disturbia,20000000,117760134,5.89
Jackass 3D,20000000,117224271,5.86
Cat on a Hot Tin Roof,3000000,17570324,5.86
Sea of Love,19000000,110879513,5.84
The Martian,108000000,630161890,5.83
My Cousin Vinny,11000000,64088552,5.83
The Trouble with Harry,1200000,7000000,5.83
Murderball,300000,1750211,5.83
Sherlock Holmes,90000000,524028679,5.82
The Grand Budapest Hotel,30000000,174600318,5.82
Stomp the Yard,13000000,75511123,5.81
Big Momma's House,30000000,173959438,5.8
When Harry Met Sally...,16000000,92823546,5.8
Boys Don't Cry,2000000,11540607,5.77
Transformers: Dark of the Moon,195000000,1123746996,5.76
Casper,50000000,287928194,5.76
Halloween III: Season of the Witch,2500000,14400000,5.76
Commando,10000000,57500000,5.75
Evil Dead,17000000,97542952,5.74
Do the Right Thing,6500000,37295445,5.74
Birdman,18000000,103215094,5.73
Witness,12000000,68706993,5.73
Cinderella,95000000,543514353,5.72
Mission: Impossible,80000000,457696359,5.72
英雄,31000000,177394432,5.72
Jumping the Broom,6600000,37710610,5.71
Conquest of the Planet of the Apes,1700000,9700000,5.71
The Amityville Horror,19000000,108047131,5.69
Match Point,15000000,85306374,5.69
Signs,72000000,408247917,5.67
Just Married,18000000,101564935,5.64
Brooklyn,11000000,62076141,5.64
Crazy Heart,7000000,39462438,5.64
"20,000 Leagues Under the Sea",5000000,28200000,5.64
"Dude, Where’s My Car?",13000000,73180723,5.63
The Social Network,40000000,224920315,5.62
Woman in Gold,11000000,61619773,5.6
Transformers: Revenge of the Fallen,150000000,836297228,5.58
The Pursuit of Happyness,55000000,307077295,5.58
Margin Call,3500000,19504039,5.57
The Intern,35000000,194564672,5.56
Conan the Destroyer,18000000,100000000,5.56
Vals Im Bashir,2000000,11125849,5.56
Skyfall,200000000,1108561013,5.54
Star Trek IV: The Voyage Home,24000000,133000000,5.54
Toy Story 2,90000000,497366869,5.53
The Jungle Book,175000000,966550600,5.52
Blue Jasmine,18000000,99206215,5.51
Return to Never Land,20000000,109862682,5.49
My Week with Marilyn,6400000,35057696,5.48
Jerry Maguire,50000000,273552592,5.47
Superman,55000000,300218018,5.46
Predator,18000000,98235548,5.46
The Fast and the Furious,38000000,207283925,5.45
Next Friday,11000000,59827328,5.44
The Dark Knight,185000000,1004558444,5.43
Elf,32000000,173398518,5.42
Star Wars: Episode II - Attack of the Clones,120000000,649398328,5.41
Babel,25000000,135330182,5.41
Quartet,11000000,59520298,5.41
Movie 43,6000000,32438988,5.41
Dracula,40000000,215862692,5.4
The Ugly Truth,38000000,205298907,5.4
Rio,90000000,484635760,5.38
Escape from Alcatraz,8000000,43000000,5.38
Clerks II,5000000,26888376,5.38
Twister,92000000,494471524,5.37
Legends of the Fall,30000000,160638883,5.35
What Women Want,70000000,374111707,5.34
27 Dresses,30000000,160259319,5.34
Safety Not Guaranteed,750000,4007792,5.34
Pirates of the Caribbean: Dead Man's Chest,200000000,1065659812,5.33
Toy Story 3,200000000,1066969703,5.33
Step Up 3D,30000000,159291809,5.31
Jason Goes to Hell: The Final Friday,3000000,15938065,5.31
Ocean's Eleven,85000000,450717150,5.3
Sinister 2,10000000,52882018,5.29
The Call,13000000,68572378,5.27
Hitch,70000000,368100420,5.26
Top Hat,609000,3202000,5.26
8 Mile,41000000,215000000,5.24
Dr. Strangelove or: How I Learned to Stop Worrying and Love the Bomb,1800000,9440272,5.24
A Beautiful Mind,60000000,313542341,5.23
P.S. I Love You,30000000,156835339,5.23
Rang De Basanti,2200000,11502151,5.23
Night at the Museum,110000000,574480841,5.22
Argo,44500000,232324128,5.22
Flight,31000000,161772375,5.22
Cape Fear,35000000,182300000,5.21
Transformers: Age of Extinction,210000000,1091405097,5.2
Terminator 2: Judgment Day,100000000,520000000,5.2
Super 8,50000000,260095987,5.2
Drive,15000000,78054825,5.2
Devil's Due,7000000,36433975,5.2
The Elephant Man,5000000,26010864,5.2
Battle for the Planet of the Apes,1700000,8844595,5.2
42nd Street,439000,2281000,5.2
Rise of the Planet of the Apes,93000000,482860185,5.19
Spy Kids 3-D: Game Over,38000000,197011982,5.18
Urban Legend,14000000,72527595,5.18
Whale Rider,8000000,41400000,5.17
Inception,160000000,825532764,5.16
Madagascar 3: Europe's Most Wanted,145000000,746921274,5.15
JFK,40000000,205405498,5.14
Alice in Wonderland,200000000,1025491110,5.13
シン・ゴジラ,15000000,77000000,5.13
The Smurfs,110000000,563749323,5.12
The DUFF,8500000,43528634,5.12
Spaced Invaders,3000000,15369573,5.12
Apollo 18,5000000,25562924,5.11
Maze Runner: The Scorch Trials,61000000,311256926,5.1
Crossroads,12000000,61141030,5.1
United 93,15000000,76286096,5.09
Life of Pi,120000000,609016565,5.08
A View to a Kill,30000000,152427960,5.08
The Mighty Ducks,10000000,50752337,5.08
Kill Bill: Vol. 2,30000000,152159461,5.07
功夫,20000000,100914445,5.05
Diary of a Wimpy Kid,15000000,75700498,5.05
Midnight in Paris,30000000,151119219,5.04
The Way Way Back,4600000,23198652,5.04
Die Hard,28000000,140767956,5.03
The Net,22000000,110627965,5.03
Tammy,20000000,100525432,5.03
Der Untergang,18339750,92180910,5.03
Avengers: Age of Ultron,280000000,1405403694,5.02
Fast Five,125000000,626137675,5.01
The Longest Day,10000000,50100000,5.01
Resident Evil: Afterlife,60000000,300228084,5.0
Chicken Run,45000000,224834564,5.0
Pet Sematary,11500000,57469467,5.0
"Il buono, il brutto, il cattivo",1200000,6000000,5.0
بچه‌های آسمان,180000,900000,5.0
Shrek the Third,160000000,798958165,4.99
올드보이,3000000,14980005,4.99
Identity Thief,35000000,173965010,4.97
The Help,25000000,124272124,4.97
Race,5000000,24804129,4.96
Ida,2159280,10700000,4.96
My Big Fat Greek Wedding 2,18000000,88923251,4.94
Escape from the Planet of the Apes,2500000,12348905,4.94
Kids,1500000,7412216,4.94
Erin Brockovich,52000000,256271286,4.93
The Matrix Reloaded,150000000,738599701,4.92
The Other Woman,40000000,196781193,4.92
Hide and Seek,25000000,122644820,4.91
Child's Play,9000000,44196684,4.91
Dressed to Kill,6500000,31899000,4.91
Inside Out,175000000,857611174,4.9
Shark Tale,75000000,367275019,4.9
Nanny McPhee,25000000,122489822,4.9
50/50,8000000,39187783,4.9
American Psycho,7000000,34266564,4.9
"Monsters, Inc.",115000000,562816256,4.89
Beetlejuice,15000000,73326666,4.89
Licence to Kill,32000000,156167015,4.88
Kung Fu Panda,130000000,631744560,4.86
Rio 2,103000000,500188435,4.86
Daddy's Home,50000000,242786137,4.86
Groundhog Day,14600000,70906973,4.86
What Happens in Vegas,35000000,170000000,4.86
Bienvenue chez les ch'tis,11000000,53191886,4.84
Star Trek III: The Search for Spock,18000000,87000000,4.83
Miracles from Heaven,16000000,77000000,4.81
21 Jump Street,42000000,201585328,4.8
Last Vegas,28000000,134402450,4.8
How Green Was My Valley,1250000,6000000,4.8
Mission: Impossible - Ghost Protocol,145000000,694713380,4.79
The Angry Birds Movie,73000000,349779543,4.79
Parental Guidance,25000000,119772232,4.79
The Living Daylights,40000000,191185897,4.78
About a Boy,27000000,129000000,4.78
The Unborn,16000000,76514050,4.78
Show Boat,2300000,11000000,4.78
Cast Away,90000000,429632142,4.77
Cheaper by the Dozen,40000000,190212113,4.76
The Big Short,28000000,133346506,4.76
Precious,10000000,47536959,4.75
Phenomenon,32000000,152036382,4.75
Lola rennt,1530000,7267585,4.75
The Green Mile,60000000,284600000,4.74
Transformers,150000000,709709780,4.73
Blue Valentine,3500000,16566240,4.73
Austin Powers in Goldmember,63000000,296655431,4.71
Paddington,55000000,259207227,4.71
Miss Congeniality,45000000,212000000,4.71
Final Destination 3,25000000,117719158,4.71
American Reunion,50000000,234989584,4.7
God's Not Dead 2,5000000,23507567,4.7
Creed,37000000,173567581,4.69
The Eye,12000000,56309766,4.69
Frida,12000000,56298474,4.69
Pirates of the Caribbean: The Curse of the Black Pearl,140000000,655011224,4.68
The SpongeBob SquarePants Movie,30000000,140161792,4.67
Finding Neverland,25000000,116766556,4.67
Lawrence of Arabia,15000000,69995385,4.67
Spellbound,1500000,7000000,4.67
Rebecca,1288000,6000000,4.66
The Final Destination,40000000,186167139,4.65
The Butler,25000000,115922175,4.64
The Hills Have Eyes,15000000,69623713,4.64
Lolita,2000000,9250000,4.63
Set It Off,9000000,41590886,4.62
Captain America: Civil War,250000000,1153304495,4.61
La Guerre du feu,12000000,55260558,4.61
Scary Movie 3,48000000,220673217,4.6
Source Code,32000000,147332697,4.6
Dear John,25000000,114977104,4.6
Boom Town,2000000,9172000,4.59
Alvin and the Chipmunks: Chipwrecked,75000000,342695435,4.57
Shrek Forever After,165000000,752600867,4.56
Inglourious Basterds,70000000,319131050,4.56
Remember the Titans,30000000,136706683,4.56
Guardians of the Galaxy,170000000,773328629,4.55
Mission: Impossible - Rogue Nation,150000000,682330139,4.55
Nightcrawler,8500000,38697217,4.55
Major League,11000000,49797148,4.53
ต้มยำกุ้ง,6000000,27165581,4.53
You Can't Take It With You,1644736,7433101,4.52
Journey 2: The Mysterious Island,79000000,355692760,4.5
Hansel & Gretel: Witch Hunters,50000000,224803475,4.5
崖の上のポニョ,41677699,187479518,4.5
Prophecy,12000000,54000000,4.5
A Serious Man,7000000,31430334,4.49
War of the Worlds,132000000,591739379,4.48
The First Wives Club,26000000,116400000,4.48
Coal Miner's Daughter,15000000,67182787,4.48
The Rock,75000000,335062621,4.47
The Princess Diaries,37000000,165335153,4.47
Non-Stop,50000000,222809600,4.46
When a Stranger Calls,15000000,66966987,4.46
Recess: School's Out,10000000,44460850,4.45
Kung Fu Panda 2,150000000,665692281,4.44
Gladiator,103000000,457640427,4.44
Never Say Never Again,36000000,160000000,4.44
Hannah Montana: The Movie,35000000,155545279,4.44
A Streetcar Named Desire,1800000,8000000,4.44
He's Just Not That Into You,40000000,177259441,4.43
Gosford Park,19800000,87754044,4.43
The Mummy Returns,98000000,433013274,4.42
Runaway Bride,70000000,309457509,4.42
Burn After Reading,37000000,163720069,4.42
Spotlight,20000000,88346473,4.42
Tremors,11000000,48572000,4.42
Jagten,3800000,16800000,4.42
Memento,9000000,39723096,4.41
Four Lions,967686,4270000,4.41
The Truman Show,60000000,264118201,4.4
El laberinto del fauno,19000000,83258226,4.38
Go,6500000,28451622,4.38
Mission: Impossible II,125000000,546388105,4.37
Unknown,30000000,130786397,4.36
葉問3,36000000,156844753,4.36
The Day After Tomorrow,125000000,544272402,4.35
Mr. & Mrs. Smith,110000000,478207520,4.35
In Time,40000000,173930596,4.35
Underworld,22000000,95708457,4.35
One Hour Photo,12000000,52223306,4.35
The Dark Knight Rises,250000000,1084939099,4.34
Central Intelligence,50000000,216972543,4.34
The Pelican Brief,45000000,195268056,4.34
Zombieland,23600000,102391382,4.34
Epic Movie,20000000,86865564,4.34
The Croods,135000000,585178928,4.33
Pride & Prejudice,28000000,121147947,4.33
Torn Curtain,3000000,13000000,4.33
Traffic,48000000,207515725,4.32
紅番區,7500000,32392047,4.32
Atonement,30000000,129266061,4.31
To Rome with Love,17000000,73244881,4.31
Hook,70000000,300854823,4.3
Friends with Benefits,35000000,150483765,4.3
Over the Hedge,80000000,343397247,4.29
Lo imposible,42000000,180274123,4.29
San Andreas,110000000,470490832,4.28
The Village,60000000,256697520,4.28
Closer,27000000,115505027,4.28
Wag the Dog,15000000,64256513,4.28
28 Weeks Later,15000000,64238440,4.28
Pokémon 3: The Movie,16000000,68411275,4.28
Puss in Boots,130000000,554987477,4.27
The Blues Brothers,27000000,115229890,4.27
Moonrise Kingdom,16000000,68263166,4.27
Suicide Squad,175000000,745000000,4.26
Into the Woods,50000000,212902372,4.26
Step Up Revolution,33000000,140470746,4.26
Indiana Jones and the Kingdom of the Crystal Skull,185000000,786636033,4.25
Django Unchained,100000000,425368238,4.25
Dumb and Dumber To,40000000,169837010,4.25
Lincoln,65000000,275293450,4.24
Freaky Friday,26000000,110230332,4.24
My Fair Lady,17000000,72070731,4.24
Dabba,1000000,4235151,4.24
Spy Kids,35000000,147934180,4.23
The Fourth Kind,10000000,42333295,4.23
The Valley of Decision,2160000,9132000,4.23
Hotel Transylvania,85000000,358375603,4.22
St. Vincent,13000000,54837234,4.22
Maleficent,180000000,758539785,4.21
The SpongeBob Movie: Sponge Out of Water,74000000,311594032,4.21
American Wedding,55000000,231449203,4.21
The 40 Year Old Virgin,26000000,109449237,4.21
I Am Sam,22000000,92542418,4.21
Premonition,20000000,84146832,4.21
The Best Man Holiday,17000000,71625195,4.21
Up,175000000,735099082,4.2
Captain America: The Winter Soldier,170000000,714766572,4.2
How to Train Your Dragon 2,145000000,609123048,4.2
Veer-Zaara,7000000,29385320,4.2
Nerve,20000000,83707310,4.19
Iron Man,140000000,585174222,4.18
Dawn of the Planet of the Apes,170000000,710644566,4.18
The Wood,6000000,25059640,4.18
Hitman,24000000,99965753,4.17
"The Chronicles of Narnia: The Lion, the Witch and the Wardrobe",180000000,748806957,4.16
Hancock,150000000,624029371,4.16
Ratatouille,150000000,623722818,4.16
Valentine's Day,52000000,216485654,4.16
The Town,37000000,154026136,4.16
Doctor Dolittle,71000000,294456605,4.15
Out of Africa,31000000,128499205,4.15
Not Another Teen Movie,16000000,66468332,4.15
Bridge of Spies,40000000,165478348,4.14
Trainspotting,4000000,16491080,4.12
Tumbleweeds,312000,1281176,4.11
Inside Man,45000000,184376254,4.1
Austin Powers: International Man of Mystery,16500000,67683989,4.1
Krampus,15000000,61548707,4.1
Interstellar,165000000,675120017,4.09
Panic Room,48000000,196397415,4.09
Along Came Polly,42000000,171963386,4.09
National Lampoon's Vacation,15000000,61399552,4.09
The Hobbit: An Unexpected Journey,250000000,1021103568,4.08
The Hunger Games: Mockingjay - Part 2,160000000,653428261,4.08
No Good Deed,13200000,53830415,4.08
Die Hard: With a Vengeance,90000000,366101666,4.07
Marley & Me,60000000,244082376,4.07
Flightplan,55000000,223387299,4.06
Patch Adams,50000000,202292902,4.05
Scream 3,40000000,161834276,4.05
Bill & Ted's Excellent Adventure,10000000,40485039,4.05
Swimfan,8500000,34411240,4.05
The Hundred-Foot Journey,22000000,88880821,4.04
Madagascar: Escape 2 Africa,150000000,603900354,4.03
Vampires Suck,20000000,80547866,4.03
Total Recall,65000000,261317921,4.02
Garfield,50000000,200804534,4.02
Liar Liar,45000000,181000000,4.02
Trainwreck,35000000,140795793,4.02
Enchanted,85000000,340487652,4.01
Johnny English,40000000,160583018,4.01
The Forest,10000000,40055439,4.01
Spice World,25000000,100000000,4.0
Creepshow 2,3500000,14000000,4.0
Hud,2500000,10000000,4.0
Ant-Man,130000000,519311965,3.99
Casino Royale,150000000,599045960,3.99
The Notebook,29000000,115603229,3.99
Nighthawks,5000000,19905359,3.98
Bachelorette,3000000,11947954,3.98
Jurassic Park III,93000000,368780809,3.97
Sin City,40000000,158733820,3.97
Star Trek: The Motion Picture,35000000,139000000,3.97
The Lucky One,25000000,99357138,3.97
Whiplash,3300000,13092000,3.97
Armageddon,140000000,553799566,3.96
Conan the Barbarian,20000000,79114085,3.96
xXx,70000000,277448382,3.96
Patriot Games,45000000,178051587,3.96
Scary Movie 4,45000000,178262620,3.96
One Day,15000000,59389433,3.96
Big Hero 6,165000000,652105443,3.95
The Revenant,135000000,532950503,3.95
X-Men,75000000,296339527,3.95
Family Plot,2000000,7900000,3.95
The Break-Up,52000000,204999686,3.94
This Is the End,32000000,126041322,3.94
Inside Job,2000000,7871522,3.94
Firefox,18000000,70687344,3.93
Spider-Man 2,200000000,783766341,3.92
The Wolf of Wall Street,100000000,392000694,3.92
Scary Movie 5,20000000,78378744,3.92
About Last Night,12500000,49002684,3.92
Dave Chappelle's Block Party,3000000,11718595,3.91
I Am Legend,150000000,585349010,3.9
The Bucket List,45000000,175372502,3.9
Gentleman's Agreement,2000000,7800000,3.9
Disclosure,55000000,214015089,3.89
The Usual Suspects,6000000,23341568,3.89
Ransom,80000000,309492681,3.87
Rush Hour 2,90000000,347325802,3.86
You've Got Mail,65000000,250821495,3.86
Deuce Bigalow: Male Gigolo,17000000,65535067,3.86
2012,200000000,769653595,3.85
The Bourne Supremacy,75000000,288500217,3.85
Cars,120000000,461983149,3.85
The Animal,22000000,84772742,3.85
Happy Feet,100000000,384335608,3.84
The Best Man,9000000,34573780,3.84
The Hobbit: The Desolation of Smaug,250000000,958400000,3.83
Freddy vs. Jason,30000000,114908830,3.83
The Hobbit: The Battle of the Five Armies,250000000,956019788,3.82
Teenage Mutant Ninja Turtles,125000000,477200000,3.82
Bride Wars,30000000,114663461,3.82
A Time to Kill,40000000,152266007,3.81
Get Shorty,30250000,115101622,3.81
Hope Springs,30000000,114281051,3.81
Thank You for Smoking,6500000,24793509,3.81
Outbreak,50000000,189859560,3.8
The Hustler,2000000,7600000,3.8
Thor: The Dark World,170000000,644571402,3.79
The Specialist,45000000,170362582,3.79
1408,25000000,94679598,3.79
The Color of Money,13800000,52293982,3.79
The Lost Boys,8500000,32222567,3.79
Vantage Point,40000000,151161491,3.78
The Naked Gun 2½: The Smell of Fear,23000000,86930411,3.78
The Rookie,20000000,75597042,3.78
Hang 'em High,1800000,6800000,3.78
22 Jump Street,50000000,188441614,3.77
Sleepers,44000000,165615285,3.76
Timecop,27000000,101646581,3.76
Pineapple Express,27000000,101624843,3.76
School of Rock,35000000,131282949,3.75
Into the Wild,15000000,56255142,3.75
A Walk to Remember,11000000,41227069,3.75
Harry Potter and the Half-Blood Prince,250000000,933959197,3.74
The Fighter,25000000,93617009,3.74
Oliver!,10000000,37402877,3.74
Interview with the Vampire,60000000,223664608,3.73
Lone Survivor,40000000,149295601,3.73
Before Midnight,3000000,11176469,3.73
Serbuan maut,1100000,4105187,3.73
Monsters University,200000000,743559607,3.72
Now You See Me 2,90000000,334901337,3.72
Michael Clayton,25000000,92991835,3.72
In Cold Blood,3500000,13007551,3.72
X2,110000000,407711549,3.71
Air Force One,85000000,315156409,3.71
Jeepers Creepers 2,17000000,63102666,3.71
Everest,55000000,203427584,3.7
21 & Over,13000000,48065672,3.7
Shutter Island,80000000,294804195,3.69
Resident Evil: Retribution,65000000,240159255,3.69
The Heat,43000000,158674180,3.69
A Cinderella Story,19000000,70067909,3.69
Why Did I Get Married?,15000000,55184721,3.68
The Muppets,45000000,165184237,3.67
Ocean's Thirteen,85000000,311312624,3.66
The Terminal,60000000,219417255,3.66
Without a Paddle,19000000,69631118,3.66
Dawn of the Dead,28000000,102356381,3.66
The Kite Runner,20000000,73276047,3.66
The Godfather: Part II,13000000,47542841,3.66
Nick and Norah's Infinite Playlist,9000000,32973937,3.66
The Nun's Story,3500000,12800000,3.66
Music and Lyrics,40000000,145896422,3.65
Cliffhanger,70000000,255000211,3.64
Jack Reacher,60000000,218340595,3.64
Romeo Must Die,25000000,91036760,3.64
Quo Vadis,8250000,30000000,3.64
Old School,24000000,87055349,3.63
New in Town,8000000,29010817,3.63
Desperado,7000000,25405445,3.63
Planet of the Apes,100000000,362211740,3.62
Sanctum,30000000,108609310,3.62
Barbershop 2:  Back in Business,18000000,65070412,3.62
Harold & Kumar Escape from Guantanamo Bay,12000000,43493123,3.62
City of Angels,55000000,198685114,3.61
L.A. Confidential,35000000,126216940,3.61
Eternal Sunshine of the Spotless Mind,20000000,72258126,3.61
Letters from Iwo Jima,19000000,68673228,3.61
The Beach,40000000,144056873,3.6
Monster-in-Law,43000000,154749918,3.6
Trapeze,4000000,14400000,3.6
Frenzy,3500000,12600000,3.6
Spectre,245000000,880674609,3.59
Kung Fu Panda 3,145000000,521170825,3.59
"Alexander and the Terrible, Horrible, No Good, Very Bad Day",28000000,100654149,3.59
Star Trek VI: The Undiscovered Country,27000000,96900000,3.59
Crank,12000000,42931041,3.58
Dead Man Walking,11000000,39363635,3.58
The Bourne Identity,60000000,214034224,3.57
Soul Kitchen,5000000,17872796,3.57
Johnny English Reborn,45000000,160078586,3.56
The Return of the Living Dead,4000000,14237000,3.56
How to Lose a Guy in 10 Days,50000000,177371441,3.55
Anacondas: The Hunt for the Blood Orchid,20000000,70992898,3.55
Halloween 4: The Return of Michael Myers,5000000,17768757,3.55
The Hateful Eight,44000000,155760117,3.54
Gothika,40000000,141591324,3.54
The Amazing Spider-Man 2,200000000,705717432,3.53
Superman II,54000000,190458706,3.53
Shallow Hal,40000000,141069860,3.53
The Reader,32000000,113019290,3.53
About Schmidt,30000000,105834556,3.53
Gandhi,22000000,77737889,3.53
Big Fat Liar,15000000,52970014,3.53
My Name Is Khan,12000000,42345360,3.53
The Wind That Shakes the Barley,6500000,22889018,3.52
Raising Victor Vargas,800000,2816116,3.52
Minority Report,102000000,358372926,3.51
Forgetting Sarah Marshall,30000000,105173115,3.51
Diary of a Wimpy Kid: Dog Days,22000000,77112176,3.51
The Amazing Spider-Man,215000000,752215857,3.5
Batman Returns,80000000,280000000,3.5
The Equalizer,55000000,192330738,3.5
Wild,15000000,52501541,3.5
Batman v Superman: Dawn of Justice,250000000,873260194,3.49
Live Free or Die Hard,110000000,383531464,3.49
Safe Haven,28000000,97594140,3.49
Hostel: Part II,10200000,35619521,3.49
Robots,75000000,260696994,3.48
Clear and Present Danger,62000000,215887717,3.48
Final Destination 2,26000000,90426405,3.48
Anchorman: The Legend of Ron Burgundy,26000000,90574188,3.48
Honey,18000000,62646763,3.48
Earth to Echo,13000000,45300000,3.48
An Education,7500000,26096852,3.48
National Treasure,100000000,347451894,3.47
Anchorman 2: The Legend Continues,50000000,173649015,3.47
Piranha 3D,24000000,83188165,3.47
Elmer Gantry,3000000,10400000,3.47
Jason Bourne,120000000,415484914,3.46
The Wolverine,120000000,415440673,3.46
Big Momma's House 2,40000000,138259062,3.46
The Secret Life of Bees,11000000,38105395,3.46
Spider-Man 3,258000000,890871626,3.45
Money Monster,27000000,93282604,3.45
Pain & Gain,25000000,86175291,3.45
Diary of a Wimpy Kid: Rodrick Rules,21000000,72417394,3.45
Wanted,75000000,258270008,3.44
Kick-Ass,28000000,96188903,3.44
Young Guns,13000000,44726644,3.44
This Is England,2380000,8176544,3.44
The Expendables,80000000,274470394,3.43
Die Hard 2,70000000,240031094,3.43
London Has Fallen,60000000,205754447,3.43
Mr. Deeds,50000000,171269535,3.43
The Pianist,35000000,120072577,3.43
Love & Other Drugs,30000000,102820008,3.43
Happy Gilmore,12000000,41205099,3.43
Harper,3500000,12000000,3.43
Brown Sugar,8000000,27362712,3.42
Eat Pray Love,60000000,204594016,3.41
Mr. Popper's Penguins,55000000,187361754,3.41
Moulin Rouge!,52500000,179213434,3.41
Divergent,85000000,288747895,3.4
The Bounty Hunter,40000000,136000000,3.4
Shall We Dance?,50000000,170128460,3.4
The Royal Tenenbaums,21000000,71441250,3.4
A Passage to India,8000000,27187653,3.4
Hoodwinked!,15000000,51053787,3.4
Quarantine,12000000,40855419,3.4
Duel in the Sun,6000000,20400000,3.4
Grown Ups,80000000,271430189,3.39
Once Upon a Time in Mexico,29000000,98185582,3.39
Mulan,90000000,304320254,3.38
She Wore a Yellow Ribbon,1600000,5400000,3.38
Batman Forever,100000000,336529144,3.37
Vacation,31000000,104384188,3.37
The Verdict,16000000,53977250,3.37
The Outsiders,10000000,33697647,3.37
Final Destination 5,47000000,157887643,3.36
Boogeyman,20000000,67192859,3.36
Wild Things,20000000,67200000,3.36
Smokin' Aces,17000000,57103895,3.36
Devil,10000000,33583175,3.36
Collateral,65000000,217764291,3.35
The Rugrats Movie,30000000,100491683,3.35
The History Boys,4000000,13401952,3.35
The Great Gatsby,105000000,351040419,3.34
Horrible Bosses,35000000,117000000,3.34
Warm Bodies,35000000,116980662,3.34
Selma,20000000,66787908,3.34
10 Things I Hate About You,16000000,53478166,3.34
Something's Gotta Give,80000000,266728738,3.33
Bad Santa,23000000,76488889,3.33
The Deer Hunter,15000000,50000000,3.33
Judgment at Nuremberg,3000000,10000000,3.33
Zero Dark Thirty,40000000,132820716,3.32
The Smurfs 2,105000000,347434178,3.31
A Good Day to Die Hard,92000000,304654182,3.31
Unbreakable,75000000,248118121,3.31
No Reservations,28000000,92601050,3.31
Jackie Brown,12000000,39673162,3.31
Ocean's Twelve,110000000,362744280,3.3
Resident Evil: Extinction,45000000,148412065,3.3
Role Models,28000000,92380927,3.3
Notes on a Scandal,15000000,49469904,3.3
The Constant Gardener,25000000,82466670,3.3
Run Fatboy Run,10000000,33000000,3.3
[REC]²,5600000,18469680,3.3
True Lies,115000000,378882411,3.29
Tsotsi,3000000,9879971,3.29
Scooby-Doo,84000000,275650703,3.28
Street Kings,20000000,65569869,3.28
The American,20000000,65464324,3.27
The Lizzie McGuire Movie,17000000,55534455,3.27
The Last Samurai,140000000,456758981,3.26
Due Date,65000000,211780824,3.26
Star Trek: First Contact,46000000,150000000,3.26
That Awkward Moment,8000000,26049082,3.26
The Guard,6000000,19560274,3.26
They Live,4000000,13008928,3.25
Julie & Julia,40000000,129540499,3.24
Species,35000000,113374103,3.24
Jimmy Neutron: Boy Genius,25000000,80936232,3.24
The Bank Job,20000000,64822796,3.24
Yes Man,70000000,225990978,3.23
The Ring Two,50000000,161451538,3.23
Bring It On,28000000,90449929,3.23
Sunshine Cleaning,5000000,16174377,3.23
The Departed,90000000,289847354,3.22
Entrapment,66000000,212404396,3.22
The Talented Mr. Ripley,40000000,128798265,3.22
Saving Mr. Banks,35000000,112544580,3.22
Pearl Harbor,140000000,449220945,3.21
Into the Storm,50000000,160602194,3.21
The Lawnmower Man,10000000,32101000,3.21
Pirates of the Caribbean: At World's End,300000000,961000000,3.2
Alien³,50000000,159773545,3.2
Employee of the Month,12000000,38368909,3.2
Ted 2,68000000,217022588,3.19
My Sister's Keeper,30000000,95714875,3.19
The Golden Child,25000000,79817939,3.19
The Hangover Part II,80000000,254455986,3.18
Cloudy with a Chance of Meatballs 2,78000000,248384621,3.18
Charlie and the Chocolate Factory,150000000,474968763,3.17
Spy Kids: All the Time in the World,27000000,85564310,3.17
The Mist,18000000,57096190,3.17
Freddy's Dead: The Final Nightmare,11000000,34872033,3.17
Men in Black II,140000000,441818803,3.16
Lucy,40000000,126546825,3.16
Predators,40000000,126248813,3.16
Star Trek: Generations,38000000,120000000,3.16
The Cell,33000000,104155843,3.16
Sex Tape,40000000,126069509,3.15
Spy Kids 2: The Island of Lost Dreams,38000000,119723358,3.15
The Wedding Date,15000000,47175038,3.15
The Rose,9250000,29174648,3.15
The Lost World: Jurassic Park,73000000,229074524,3.14
Scary Movie 2,45000000,141220678,3.14
The Expendables 2,100000000,312573423,3.13
Space Jam,80000000,250200000,3.13
Racing Stripes,30000000,93772522,3.13
The Women,16000000,50007546,3.13
The Object of My Affection,15000000,46905889,3.13
Dancer in the Dark,12800000,40031879,3.13
A Mighty Wind,6000000,18750246,3.13
Iron Man 2,200000000,623933331,3.12
The Prince of Egypt,70000000,218613188,3.12
Ride Along 2,40000000,124827316,3.12
Ray,40000000,124731534,3.12
Resident Evil,33000000,102984862,3.12
Teenage Mutant Ninja Turtles II: The Secret of the Ooze,25000000,78000000,3.12
Land of the Dead,15000000,46770602,3.12
Little Fockers,100000000,310650585,3.11
Fury,68000000,211817906,3.11
2 Fast 2 Furious,76000000,236350661,3.11
The Horse Whisperer,60000000,186883563,3.11
Knowing,50000000,155446362,3.11
Neighbors 2: Sorority Rising,35000000,108758521,3.11
Prometheus,130000000,403170142,3.1
Open Range,22000000,68296293,3.1
Raising Cain,12000000,37170057,3.1
Die Another Day,140000000,431971116,3.09
Grown Ups 2,80000000,246984278,3.09
Blended,40000000,123494610,3.09
The Grey,25000000,77278331,3.09
There Will Be Blood,25000000,77208711,3.09
Dracula Untold,70000000,215529201,3.08
Need for Speed,66000000,203277636,3.08
Son of God,22000000,67800064,3.08
The Big Lebowski,15000000,46189568,3.08
300: Rise of an Empire,110000000,337580051,3.07
Face/Off,80000000,245676146,3.07
Focus,50100000,153962963,3.07
Dogma,10000000,30652890,3.07
X-Men: Apocalypse,178000000,543934787,3.06
Seven Pounds,55000000,168167691,3.06
Southpaw,30000000,91709827,3.06
Are We There Yet?,32000000,97918663,3.06
White Chicks,37000000,113086475,3.06
The Untouchables,25000000,76270454,3.05
Congo,50000000,152022101,3.04
Anaconda,45000000,136885767,3.04
Baby Geniuses,12000000,36450736,3.04
The Last Exorcism Part II,5000000,15179302,3.04
Tomorrow Never Dies,110000000,333011068,3.03
Immortals,75000000,226904017,3.03
A Bug's Life,120000000,363258859,3.03
Drag Me to Hell,30000000,90810892,3.03
Daddy Day Camp,6000000,18197398,3.03
It's a Wonderful Life,3180000,9644124,3.03
21 Grams,20000000,60427839,3.02
Halloween: The Curse of Michael Myers,5000000,15116634,3.02
Broken Arrow,50000000,150270147,3.01
Eight Below,40000000,120455994,3.01
Identity,30000000,90259536,3.01
Stay Alive,9000000,27105095,3.01
Mar adentro,12806000,38535221,3.01
How to Train Your Dragon,165000000,494878759,3.0
Thor,150000000,449326618,3.0
Rambo III,63000000,189015611,3.0
Apocalypto,40000000,120175290,3.0
Water for Elephants,38000000,114156230,3.0
Why Did I Get Married Too?,20000000,60072596,3.0
Selena,20000000,60000000,3.0
The Egyptian,5000000,15000000,3.0
Red River,3000000,9012000,3.0
X-Men: Days of Future Past,250000000,747862775,2.99
Con Air,75000000,224012234,2.99
Vanilla Sky,68000000,203388341,2.99
Hachi: A Dog's Tale,16000000,47801389,2.99
Cop Land,15000000,44862187,2.99
Inside Llewyn Davis,11000000,32935319,2.99
Harsh Times,2000000,5967038,2.98
Crimson Tide,53000000,157387195,2.97
August: Osage County,25000000,74188937,2.97
How to Be Single,38000000,112343513,2.96
Arbitrage,12000000,35485056,2.96
Man of Steel,225000000,662845518,2.95
Twilight Zone: The Movie,10000000,29450919,2.95
Melancholia,7400000,21817298,2.95
Hustle & Flow,8000000,23563727,2.95
Mad Max Beyond Thunderdome,12305523,36230219,2.94
A Low Down Dirty Shame,10000000,29392418,2.94
The Great Escape,4000000,11744471,2.94
Quantum of Solace,200000000,586090727,2.93
The Fifth Element,90000000,263920180,2.93
The Italian Job,60000000,176070171,2.93
"Me, Myself & Irene",51000000,149270999,2.93
Corpse Bride,40000000,117195061,2.93
Braveheart,72000000,210000000,2.92
Hop,63000000,183953723,2.92
Blade,45000000,131183530,2.92
Think Like a Man Too,24000000,70181428,2.92
Wall Street,15000000,43848069,2.92
Bathing Beauty,2361000,6892000,2.92
Brave,185000000,538983207,2.91
The Day the Earth Stood Still,80000000,233093859,2.91
The Transporter Refueled,25000000,72629670,2.91
WALL·E,180000000,521311860,2.9
Noah,125000000,362637473,2.9
Halloween: Resurrection,13000000,37664855,2.9
"I, Robot",120000000,347234916,2.89
Battle: Los Angeles,70000000,202466756,2.89
I Am Number Four,50000000,144492830,2.89
The 5th Wave,38000000,109906372,2.89
"Hail, Caesar!",22000000,63647656,2.89
Amadeus,18000000,51973029,2.89
Big Eyes,10000000,28883511,2.89
Action Jackson,7000000,20256975,2.89
"Lock, Stock and Two Smoking Barrels",1350000,3897569,2.89
Sex and the City 2,100000000,288347692,2.88
Click,82500000,237681299,2.88
Get Smart,80000000,230685453,2.88
Vertical Limit,75000000,215663859,2.88
Resident Evil: Apocalypse,45000000,129394835,2.88
Drumline,20000000,57588485,2.88
History of the World: Part I,11000000,31672907,2.88
Swimming Pool,7800000,22441323,2.88
Charlie's Angels,92000000,264105545,2.87
The X Files,66000000,189198313,2.87
Blade II,54000000,155010032,2.87
The Lake House,40000000,114830111,2.87
Boogie Nights,15000000,43101594,2.87
Wreck-It Ralph,165000000,471222889,2.86
G.I. Joe: Retaliation,130000000,371876278,2.86
The Adventures of Tintin,130000000,371940071,2.86
Antz,60000000,171757863,2.86
"Crazy, Stupid, Love.",50000000,142851197,2.86
The Men Who Stare at Goats,24000000,68729358,2.86
12 Angry Men,350000,1000000,2.86
High Plains Drifter,5500000,15700000,2.85
My Beautiful Laundrette,860000,2451545,2.85
Terminator Genisys,155000000,440603537,2.84
Troy,175000000,497409852,2.84
The Sum of All Fears,68000000,193000000,2.84
Starsky & Hutch,60000000,170268750,2.84
John Q,36000000,102244770,2.84
Street Fighter,35000000,99423521,2.84
Apocalypse Now,31500000,89460381,2.84
The Counselor,25000000,71009334,2.84
The Matrix Revolutions,150000000,424988211,2.83
Penguins of Madagascar,132000000,373552094,2.83
西游记之孙悟空三打白骨精,68490000,193677158,2.83
Paul Blart: Mall Cop 2,38000000,107597242,2.83
Singin' in the Rain,2540800,7200000,2.83
Maid in Manhattan,55000000,154906693,2.82
Meet the Spartans,30000000,84646831,2.82
The House Bunny,25000000,70442940,2.82
Drive Me Crazy,8000000,22593409,2.82
How the Grinch Stole Christmas,123000000,345141403,2.81
TMNT,34000000,95608995,2.81
The Newton Boys,27000000,76000000,2.81
Cars 2,200000000,559852396,2.8
Beowulf,70000000,195735876,2.8
Get Hard,40000000,111811453,2.8
Sicario,30000000,84025816,2.8
The Hurt Locker,15000000,42000000,2.8
Friday the 13th Part VIII: Jason Takes Manhattan,5000000,14000000,2.8
The Tourist,100000000,278731369,2.79
Dinosaur,127500000,354248063,2.78
Enemy of the State,90000000,250649836,2.78
"Legally Blonde 2: Red, White & Blonde",45000000,124914842,2.78
Logan's Run,9000000,25000000,2.78
Men in Black 3,225000000,624026776,2.77
The Mummy: Tomb of the Dragon Emperor,145000000,401128639,2.77
Pixels,88000000,243637091,2.77
Date Night,55000000,152263880,2.77
Serendipity,28000000,77516304,2.77
A Nightmare on Elm Street 5: The Dream Child,8000000,22168359,2.77
The Dictator,65000000,179379533,2.76
The Scorpion King,60000000,165333180,2.76
"O Brother, Where Art Thou?",26000000,71868327,2.76
Urban Legends: Final Cut,14000000,38574362,2.76
The Conversation,1600000,4420000,2.76
Pirates of the Caribbean: On Stranger Tides,380000000,1045713802,2.75
Night at the Museum: Battle of the Smithsonian,150000000,413106170,2.75
Night at the Museum: Secret of the Tomb,127000000,349424282,2.75
Carrie,30000000,82394288,2.75
The Crazies,20000000,54956140,2.75
Child's Play 2,13000000,35763605,2.75
Daddy Day Care,60000000,164433867,2.74
The Prestige,40000000,109676311,2.74
Elizabeth,30000000,82150642,2.74
The Spectacular Now,2500000,6854611,2.74
Home,135000000,368871007,2.73
Goosebumps,58000000,158162788,2.73
Milk,20000000,54586584,2.73
Katy Perry: Part of Me,12000000,32726956,2.73
What's Eating Gilbert Grape,11000000,30000000,2.73
Sicko,9000000,24538513,2.73
C.H.U.D.,1250000,3412497,2.73
Real Steel,110000000,299268508,2.72
The Happening,60000000,163403799,2.72
Shame,6500000,17693675,2.72
Warcraft,160000000,433677183,2.71
The Perfect Storm,120000000,325756637,2.71
Death Becomes Her,55000000,149022650,2.71
The Boss,29000000,78636257,2.71
The Wedding Planner,35000000,94728529,2.71
She's the One,3500000,9482579,2.71
Nim's Island,37000000,100076342,2.7
Just Go with It,80000000,214918407,2.69
War Horse,66000000,177584879,2.69
A League of Their Own,40000000,107458785,2.69
The Faculty,15000000,40283321,2.69
Project Almanac,12000000,32248241,2.69
The Chronicles of Narnia: The Voyage of the Dawn Treader,155000000,415686217,2.68
The World Is Not Enough,135000000,361832400,2.68
Sherlock Holmes: A Game of Shadows,125000000,334615000,2.68
Insurgent,110000000,295238201,2.68
Public Enemies,80000000,214104620,2.68
Epic,100000000,268426634,2.68
Red Dragon,78000000,209196298,2.68
The Devil's Advocate,57000000,152944660,2.68
The Giver,25000000,66980456,2.68
Diary of the Dead,2000000,5364858,2.68
Salt,110000000,293329073,2.67
Valkyrie,75000000,200276000,2.67
All About Steve,15000000,40105542,2.67
King Kong,207000000,550000000,2.66
World War Z,200000000,531865000,2.66
American Gangster,100000000,266465037,2.66
Bedtime Stories,80000000,212874442,2.66
The Santa Clause 2,65000000,172855065,2.66
The Jackal,60000000,159330280,2.66
Nanny McPhee and the Big Bang,35000000,93246388,2.66
Transporter 2,32000000,85167639,2.66
Harold & Kumar Go to White Castle,9000000,23936908,2.66
Mission: Impossible III,150000000,397850012,2.65
Captain America: The First Avenger,140000000,370569774,2.65
Prisoners,46000000,122126687,2.65
Edward Scissorhands,20000000,53000000,2.65
Lone Star,5000000,13269963,2.65
Gone in Sixty Seconds,90000000,237202299,2.64
Perfume: The Story of a Murderer,50000000,132180323,2.64
Anastasia,53000000,139804348,2.64
Scarface,25000000,65884703,2.64
August Rush,25000000,66122026,2.64
Baggage Claim,8500000,22456509,2.64
Creepshow,8000000,21028755,2.63
The Mask of Zorro,95000000,250288523,2.63
Days of Thunder,60000000,157920733,2.63
Old Dogs,35000000,92219310,2.63
The Age of Adaline,25000000,65663276,2.63
Halloween II,15000000,39421467,2.63
50 First Dates,75000000,196482882,2.62
Ghost Rider: Spirit of Vengeance,57000000,149217355,2.62
We Own the Night,21000000,54926886,2.62
Silent Hill: Revelation 3D,20000000,52302796,2.62
The Switch,19000000,49830607,2.62
Soul Surfer,18000000,47088990,2.62
Jumper,85000000,222231186,2.61
The Client,45000000,117615211,2.61
Underworld: Rise of the Lycans,35000000,91353501,2.61
"Big Mommas: Like Father, Like Son",32000000,83615414,2.61
13 Going on 30,37000000,96455697,2.61
Legion,26000000,67918658,2.61
Derailed,22000000,57479076,2.61
The Time Traveler's Wife,39000000,101229792,2.6
The Rite,37000000,96047633,2.6
Johnson Family Vacation,12000000,31179516,2.6
How High,12000000,31155435,2.6
World Trade Center,63000000,162945894,2.59
The Thomas Crown Affair,48000000,124305181,2.59
The Mexican,57000000,147845033,2.59
Riddick,38000000,98337295,2.59
The Number 23,30000000,77566815,2.59
Shortbus,2000000,5179037,2.59
The Girl with the Dragon Tattoo,90000000,232617430,2.58
It's Complicated,85000000,219103655,2.58
Dolphin Tale,37000000,95404397,2.58
Kiss of the Dragon,25000000,64437847,2.58
The Whole Nine Yards,41300000,106371651,2.58
The Last Dragon,10000000,25754284,2.58
Star Trek,150000000,385680446,2.57
Daybreakers,20000000,51416464,2.57
The Perks of Being a Wallflower,13000000,33400000,2.57
Evita,55000000,141047179,2.56
Coach Carter,30000000,76669806,2.56
Horrible Bosses 2,42000000,107670357,2.56
Can't Hardly Wait,10000000,25605015,2.56
The Adjustment Bureau,50200000,127869379,2.55
Doubt,20000000,50907234,2.55
The Princess and the Frog,105000000,267045765,2.54
Double Jeopardy,70000000,177841558,2.54
New Year's Eve,56000000,142044638,2.54
Beastly,17000000,43165571,2.54
Mad Max: Fury Road,150000000,378858340,2.53
The Godfather: Part III,54000000,136766062,2.53
Coyote Ugly,45000000,113916474,2.53
EverAfter,26000000,65705772,2.53
The Roommate,16000000,40492759,2.53
Killing Them Softly,15000000,37930465,2.53
Yentl,12000000,30400000,2.53
Die Welle,7500000,19000000,2.53
Yogi Bear,80000000,201584141,2.52
Dr. Dolittle 2,70000000,176104344,2.52
This Is 40,35000000,88058786,2.52
30 Days of Night,30000000,75505973,2.52
Contraband,25000000,63100000,2.52
The Proposition,2000000,5048693,2.52
Unbroken,65000000,163442937,2.51
Nacho Libre,32000000,80197993,2.51
The General's Daughter,60000000,149705852,2.5
Baahubali: The Beginning,40000000,100000000,2.5
Sweet Charity,8000000,20000000,2.5
The Man Who Shot Liberty Valance,3200000,8000000,2.5
Batman Begins,150000000,374218673,2.49
X-Men Origins: Wolverine,150000000,373062864,2.49
Elysium,115000000,286140700,2.49
Eragon,100000000,249288105,2.49
The Peanuts Movie,99000000,246233113,2.49
Eyes Wide Shut,65000000,162091208,2.49
The Prince of Tides,30000000,74787599,2.49
She's Out of My League,20000000,49779728,2.49
White Fang,14000000,34793160,2.49
Megamind,130000000,321887208,2.48
Dangerous Liaisons,14000000,34670720,2.48
Død snø,800000,1984662,2.48
Insomnia,46000000,113714830,2.47
Sky High,35000000,86369815,2.47
Oz: The Great and Powerful,200000000,491868548,2.46
Star Trek Into Darkness,190000000,467365246,2.46
Escape Plan,50000000,122915111,2.46
Brick Mansions,28000000,68896829,2.46
Ex Machina,15000000,36869414,2.46
Donovan's Reef,2686000,6600000,2.46
Safe House,85000000,208076205,2.45
AVP: Alien vs. Predator,70000000,171183863,2.45
Couples Retreat,70000000,171844840,2.45
V for Vendetta,54000000,132511035,2.45
Lone Wolf McQuade,5000000,12232628,2.45
Paul,40000000,97552050,2.44
Max Payne,35000000,85416905,2.44
Solomon and Sheba,5000000,12200000,2.44
Hercules,100000000,243400000,2.43
Cloudy with a Chance of Meatballs,100000000,242988466,2.43
Scream 4,40000000,97138686,2.43
Date Movie,20000000,48548426,2.43
Phantasm II,3000000,7282851,2.43
Eraser,100000000,242295562,2.42
"You, Me and Dupree",54000000,130431368,2.42
8MM,40000000,96618699,2.42
J. Edgar,35000000,84606030,2.42
This Means War,65000000,156974557,2.41
We Bought a Zoo,50000000,120081841,2.4
Black or White,9000000,21571189,2.4
House of 1000 Corpses,7000000,16829545,2.4
Lara Croft: Tomb Raider,115000000,274703340,2.39
Law Abiding Citizen,53000000,126690726,2.39
Black Christmas,9000000,21510851,2.39
Barbecue,6000000,14348529,2.39
Get on the Bus,2400000,5731103,2.39
Angels & Demons,150000000,356613439,2.38
Oblivion,120000000,286168572,2.38
Percy Jackson & the Olympians: The Lightning Thief,95000000,226497209,2.38
The Nutty Professor,54000000,128769345,2.38
Unfaithful,50000000,119137784,2.38
Beverly Hills Cop III,50000000,119208989,2.38
The Princess Diaries 2: Royal Engagement,40000000,95149435,2.38
42,40000000,95020213,2.38
The To Do List,1500000,3566225,2.38
Home Run,1200000,2861020,2.38
L.I.E. Long Island Expressway,700000,1667192,2.38
Rush,38000000,90247624,2.37
Good Luck Chuck,25000000,59192128,2.37
The Place Beyond the Pines,15000000,35485608,2.37
Akeelah and the Bee,8000000,18948425,2.37
Pat Garrett & Billy the Kid,4638783,11000000,2.37
Independence Day: Resurgence,165000000,389681935,2.36
A.I. Artificial Intelligence,100000000,235926552,2.36
Flatliners,26000000,61489265,2.36
Texas Chainsaw 3D,20000000,47241945,2.36
TRON: Legacy,170000000,400062763,2.35
Abduction,35000000,82087155,2.35
Six Days Seven Nights,70000000,164000000,2.34
Star Trek V: The Final Frontier,30000000,70200000,2.34
Whatever Works,15000000,35097815,2.34
Snow White and the Huntsman,170000000,396600000,2.33
The Forbidden Kingdom,55000000,127906624,2.33
Shaft,46000000,107196498,2.33
Training Day,45000000,104876233,2.33
The Skulls,15000000,35007180,2.33
Because of Winn-Dixie,14000000,32645546,2.33
Halloween 5: The Revenge of Michael Myers,5000000,11642254,2.33
Secretary,4000000,9304609,2.33
Open Season,85000000,197309027,2.32
The Longest Yard,82000000,190320568,2.32
First Knight,55000000,127600435,2.32
Secret Window,40000000,92913171,2.32
Final Destination,23000000,53302314,2.32
The Shining,19000000,44017374,2.32
Hall Pass,36000000,83160734,2.31
Alien: Resurrection,70000000,162000000,2.31
A Bridge Too Far,22000000,50750000,2.31
Pitch Black,23000000,53187659,2.31
Moby Dick,4500000,10400000,2.31
The League of Extraordinary Gentlemen,78000000,179265204,2.3
Olympus Has Fallen,70000000,161025640,2.3
Miracle,28000000,64445708,2.3
Risen,20000000,46069568,2.3
The World's End,20000000,46089287,2.3
Peggy Sue Got Married,18000000,41382841,2.3
In Bruges,15000000,34533783,2.3
कभी अलविदा ना कहना,7400000,17000000,2.3
Thirteen,2000000,4601043,2.3
The Expendables 3,90000000,206172544,2.29
Underworld: Awakening,70000000,160112671,2.29
Contagion,60000000,137551594,2.29
Behind Enemy Lines,40000000,91753202,2.29
Bridge to Terabithia,60000000,137587063,2.29
Tangled,260000000,591794936,2.28
The Holiday,85000000,194168700,2.28
Cleopatra,31115000,71000000,2.28
The X Files: I Want to Believe,30000000,68369434,2.28
The Debt,20000000,45636368,2.28
The Charge of the Light Brigade,1200000,2736000,2.28
Striptease,50000000,113309743,2.27
Wrong Turn,12600000,28650575,2.27
Another Year,8000000,18124262,2.27
Woman Thou Art Loosed,3000000,6804016,2.27
Pacific Rim,180000000,407602906,2.26
Stuart Little,133000000,300135367,2.26
Road to Perdition,80000000,181001478,2.26
Journey to the Center of the Earth,45000000,101702060,2.26
Cellular,25000000,56422687,2.26
Tombstone,25000000,56505065,2.26
Cradle 2 the Grave,25000000,56489558,2.26
Jaws: The Revenge,23000000,51881013,2.26
Becoming Jane,16500000,37311672,2.26
Talladega Nights: The Ballad of Ricky Bobby,72500000,162966177,2.25
Get Him to the Greek,40000000,90029656,2.25
Where the Heart Is,15000000,33771174,2.25
The Way of the Gun,8500000,19125401,2.25
Knight and Day,117000000,261930431,2.24
You Don't Mess with the Zohan,90000000,201596308,2.24
"I Love You, Man",41000000,91636986,2.24
Kiss the Girls,27000000,60527873,2.24
Prince of Persia: The Sands of Time,150000000,335154643,2.23
The Curious Case of Benjamin Button,150000000,333932083,2.23
Eagle Eye,80000000,178066569,2.23
Casino,52000000,116112375,2.23
Underworld: Evolution,50000000,111340801,2.23
Red Eye,26000000,57891803,2.23
Amour,8900000,19839492,2.23
Trading Places,40600000,90400000,2.23
4: Rise of the Silver Surfer,130000000,289047763,2.22
Flubber,80000000,177977226,2.22
Executive Decision,55000000,121969216,2.22
The Dukes of Hazzard,50000000,110803676,2.22
The Cabin in the Woods,30000000,66486080,2.22
X-Men: First Class,160000000,353624124,2.21
Dreamgirls,70000000,154937680,2.21
The Monuments Men,70000000,154984035,2.21
The Phantom of the Opera,70000000,154648887,2.21
Dick Tracy,47000000,103738726,2.21
Snowpiercer,39200000,86758912,2.21
The Back-Up Plan,35000000,77477008,2.21
Analyze This,80000000,176885658,2.21
Pete's Dragon,65000000,143695338,2.21
The Words,6000000,13231461,2.21
Before Sunrise,2500000,5535405,2.21
Moneyball,50000000,110206216,2.2
Spawn,40000000,87840042,2.2
Frequency,31000000,68106245,2.2
Max,20000000,43967255,2.2
Exorcist II: The Heretic,14000000,30749142,2.2
X-Men: The Last Stand,210000000,459359555,2.19
Cold Mountain,79000000,173013509,2.19
The Game,50000000,109423648,2.19
The Cable Guy,47000000,102825796,2.19
Courage Under Fire,46000000,100860818,2.19
Monsters vs Aliens,175000000,381509870,2.18
The Last House on the Left,15000000,32721635,2.18
Sorority Row,12500000,27206120,2.18
Corky Romano,11000000,23978402,2.18
My Blueberry Nights,10000000,21786738,2.18
Half Baked,8000000,17460020,2.18
Terminator 3: Rise of the Machines,200000000,435000000,2.17
Zoolander,28000000,60780981,2.17
Kick-Ass 2,28000000,60700000,2.17
Hotel Rwanda,17500000,38000000,2.17
The Illusionist,40000000,86915017,2.17
The November Man,15000000,32556119,2.17
Charlie's Angels: Full Throttle,120000000,259175788,2.16
102 Dalmatians,85000000,183611771,2.16
2 Guns,61000000,131940411,2.16
Jingle All the Way,60000000,129832389,2.16
Takers,32000000,69055695,2.16
Mud,10000000,21587700,2.16
Conversations with Other Women,450000,973525,2.16
Mirror Mirror,85000000,183018522,2.15
Cheaper by the Dozen 2,60000000,129181830,2.15
Revolutionary Road,35000000,75225693,2.15
The Count of Monte Cristo,35000000,75395048,2.15
The Darkest Hour,30000000,64626786,2.15
The Imaginarium of Doctor Parnassus,30000000,64352607,2.15
House on Haunted Hill,19000000,40846082,2.15
Far from Heaven,13500000,29027914,2.15
Only God Forgives,4800000,10337387,2.15
The Lincoln Lawyer,40000000,85412898,2.14
The Skeleton Key,43000000,91974818,2.14
The Bourne Legacy,130000000,276572938,2.13
Race to Witch Mountain,50000000,106303988,2.13
Chappie,49000000,104399548,2.13
From Hell,35000000,74558115,2.13
Baby Mama,30000000,63833449,2.13
Hanna,30000000,63782078,2.13
Tomcats,11000000,23430766,2.13
The Last Airbender,150000000,318502923,2.12
Rise of the Guardians,145000000,306941670,2.12
Gulliver's Travels,112000000,237382724,2.12
End of Days,100000000,211989043,2.12
Zookeeper,80000000,169852759,2.12
Red Riding Hood,42000000,89162162,2.12
Made of Honor,40000000,84601681,2.12
Dick,13000000,27500000,2.12
Annie Get Your Gun,3768785,8000000,2.12
Changing Lanes,45000000,94935764,2.11
Side Effects,30000000,63372757,2.11
Lake Placid,27000000,56870414,2.11
The Good Girl,8000000,16856124,2.11
Bad Boys II,130000000,273339556,2.1
Chicken Little,150000000,314432665,2.1
Hereafter,50000000,105197635,2.1
Agent Cody Banks,28000000,58795814,2.1
A Most Wanted Man,15000000,31554855,2.1
Flirting with Disaster,7000000,14702438,2.1
Turbo,135000000,282570682,2.09
The Secret Life of Walter Mitty,90000000,188133322,2.09
Hotel for Dogs,35000000,73034460,2.09
The Hitchhiker's Guide to the Galaxy,50000000,104478416,2.09
Runner Runner,30000000,62616646,2.09
Lucky Number Slevin,27000000,56308881,2.09
The Transporter,21000000,43928932,2.09
This Is Where I Leave You,19800000,41296320,2.09
Beyond the Lights,7000000,14618727,2.09
Moms' Night Out,5000000,10429707,2.09
Edge of Tomorrow,178000000,370541256,2.08
Ghost Rider,110000000,228738393,2.08
Coraline,60000000,124596398,2.08
The Bone Collector,73000000,151493655,2.08
Never Back Down,20000000,41627431,2.08
Orphan,20000000,41596251,2.08
The Big Hit,13000000,27007143,2.08
The Dead Zone,10000000,20766616,2.08
The Golden Compass,180000000,372234864,2.07
Bolt,150000000,309979994,2.07
Mirrors,35000000,72436439,2.07
Blue Crush,25000000,51842679,2.07
Dumb and Dumberer: When Harry Met Lloyd,19000000,39267515,2.07
Seed of Chucky,12000000,24829644,2.07
Maximum Risk,25000000,51702483,2.07
Glee: The Concert Movie,9000000,18663238,2.07
Annie,65000000,133821816,2.06
U-571,62000000,127666415,2.06
Amistad,36000000,74000000,2.06
Her,23000000,47351251,2.06
Man of the Year,20000000,41237648,2.06
Friends with Money,6500000,13368437,2.06
Two Girls and a Guy,1000000,2057193,2.06
Four Christmases,80000000,163733697,2.05
Changeling,55000000,113020255,2.05
Four Brothers,45000000,92374674,2.05
The Misfits,4000000,8200000,2.05
Lethal Weapon 4,140000000,285444603,2.04
Tropic Thunder,92000000,188072649,2.04
The Interpreter,80000000,162944923,2.04
Tower Heist,75000000,152930623,2.04
Invictus,60000000,122233971,2.04
A Guy Named Joe,2627000,5363000,2.04
The Haunted Mansion,90000000,182290266,2.03
Bride of Chucky,25000000,50671850,2.03
Reno 911!: Miami,10000000,20342161,2.03
Hell's Angels,3950000,8000000,2.03
Fun with Dick and Jane,100000000,202026112,2.02
RoboCop,120000000,242688965,2.02
DragonHeart,57000000,115267375,2.02
The Pacifier,56000000,113006880,2.02
Galaxy Quest,45000000,90683916,2.02
The Great Debaters,15000000,30226144,2.02
The Remains of the Day,11500000,23237911,2.02
Wrath of the Titans,150000000,301000000,2.01
Eddie the Eagle,23000000,46152800,2.01
Love Happens,18000000,36133014,2.01
Double Impact,15000000,30102717,2.01
When the Game Stands Tall,15000000,30127963,2.01
Cube,250000,501818,2.01
Hollow Man,95000000,190213455,2.0
Intolerable Cruelty,60000000,119940815,2.0
Free Birds,55000000,110000000,2.0
Don't Say a Word,50000000,100020092,2.0
Teenage Mutant Ninja Turtles III,21000000,42000000,2.0
Road House,15000000,30050028,2.0
In Too Deep,7000000,14011454,2.0
Tales from the Hood,6000000,12000000,2.0
Alexander's Ragtime Band,2000000,4000000,2.0
Daylight,80000000,159212469,1.99
What to Expect When You're Expecting,40000000,79700000,1.99
21,35000000,69823199,1.99
The Best Little Whorehouse in Texas,35000000,69701637,1.99
The Legend of Tarzan,180000000,356743061,1.98
Space Cowboys,65000000,128884132,1.98
Blade: Trinity,65000000,128905366,1.98
License to Wed,35000000,69307224,1.98
127 Hours,18000000,35692920,1.98
Step Brothers,65000000,128107642,1.97
The Pirates! In an Adventure with Scientists!,60000000,118338361,1.97
Guess Who,35000000,68915888,1.97
Delivery Man,26000000,51164106,1.97
Alpha and Omega,20000000,39300000,1.97
Jennifer's Body,16000000,31556061,1.97
Poetic Justice,14000000,27515786,1.97
The Patriot,110000000,215294342,1.96
The Book of Eli,80000000,157107755,1.96
Homefront,22000000,43058898,1.96
Freedom Writers,21000000,41170784,1.96
The Grudge 2,20000000,39143839,1.96
Confessions of a Teenage Drama Queen,15000000,29331068,1.96
G-Force,150000000,292817841,1.95
The Book of Life,50000000,97437106,1.95
Silent Hill,50000000,97607453,1.95
Must Love Dogs,30000000,58405313,1.95
Ghost Ship,35000000,68349884,1.95
Moon,5000000,9760104,1.95
Gangs of New York,100000000,193772504,1.94
Percy Jackson: Sea of Monsters,90000000,174578751,1.94
Stardust,70000000,135560026,1.94
Superman III,39000000,75850624,1.94
Les petits mouchoirs,25000000,48531470,1.94
Narc,6500000,12633747,1.94
The Princess Bride,16000000,30857814,1.93
Central do Brasil,2900000,5596708,1.93
Bee Movie,150000000,287594577,1.92
Wall Street: Money Never Sleeps,70000000,134748021,1.92
The Shadow,25000000,48063435,1.92
Aquamarine,12000000,23006849,1.92
Exodus: Gods and Kings,140000000,268031828,1.91
Batman & Robin,125000000,238207122,1.91
Memoirs of a Geisha,85000000,162242962,1.91
The Last Emperor,23000000,43984230,1.91
Rounders,12000000,22921898,1.91
Young Adult,12000000,22939027,1.91
The Good Dinosaur,175000000,331926147,1.9
The Green Hornet,120000000,227817248,1.9
Contact,90000000,171120329,1.9
The Legend of Zorro,75000000,142400065,1.9
A History of Violence,32000000,60740827,1.9
A Walk Among the Tombstones,28000000,53181600,1.9
Rushmore,9000000,17096053,1.9
The Andromeda Strain,6500000,12376563,1.9
Hellboy II: The Golden Army,85000000,160388063,1.89
Jack and Jill,79000000,149673788,1.89
The Thin Red Line,52000000,98126565,1.89
The Last of the Mohicans,40000000,75505856,1.89
Mr. Peabody & Sherman,145000000,272912430,1.88
After Earth,130000000,243843127,1.88
Black Hawk Down,92000000,172989651,1.88
Seven Years in Tibet,70000000,131457682,1.88
Syriana,50000000,94000000,1.88
Bedazzled,48000000,90383208,1.88
Snakes on a Plane,33000000,62022014,1.88
3 Days to Kill,28000000,52597999,1.88
How Stella Got Her Groove Back,20000000,37672350,1.88
The Covenant,20000000,37597471,1.88
The Chronicles of Narnia: Prince Caspian,225000000,419651413,1.87
Deep Impact,75000000,140464664,1.87
Monster House,75000000,140175006,1.87
天將雄師,65000000,121545703,1.87
GoodFellas,25000000,46836394,1.87
Antwone Fisher,12500000,23367586,1.87
The Birth of a Nation,8500000,15861566,1.87
Terminator Salvation,200000000,371353001,1.86
Star Trek Beyond,185000000,343471816,1.86
Clash of the Titans,125000000,232713139,1.86
The Fast and the Furious: Tokyo Drift,85000000,158468292,1.86
Munich,70000000,130358911,1.86
Man on Fire,70000000,130293714,1.86
Black Mass,53000000,98837872,1.86
Finding Forrester,43000000,80049764,1.86
Escape from Planet Earth,40000000,74597643,1.86
Crocodile Dundee in Los Angeles,21150000,39438674,1.86
A Very Harold & Kumar Christmas,19000000,35387212,1.86
The Polar Express,165000000,305875730,1.85
Cop Out,30000000,55583804,1.85
The Longest Ride,34000000,63013281,1.85
We Are Your Friends,6000000,11122090,1.85
Rush Hour 3,140000000,258022233,1.84
Firewall,45000000,82800000,1.84
Savages,45000000,82966152,1.84
Baby Boy,16000000,29381649,1.84
Bernie,5000000,9206470,1.84
Conspiracy Theory,75000000,136982834,1.83
The Three Stooges,30000000,54819301,1.83
My Best Friend's Girl,20000000,36620508,1.83
Burnt,20000000,36606743,1.83
A Dangerous Method,15000000,27462041,1.83
Rango,135000000,245724603,1.82
Teenage Mutant Ninja Turtles: Out of the Shadows,135000000,245623848,1.82
Lilo & Stitch,80000000,145771527,1.82
Any Given Sunday,55000000,100230832,1.82
All About the Benjamins,14000000,25482931,1.82
Barry Lyndon,11000000,20000000,1.82
Layer Cake,6500000,11850214,1.82
The Spiderwick Chronicles,90000000,162839667,1.81
Hairspray,50000000,90450008,1.81
A Knight's Tale,65000000,117487473,1.81
Blue Streak,65000000,117758500,1.81
Lions for Lambs,35000000,63215872,1.81
Adventureland,9500000,17164377,1.81
Be Cool,53000000,95226116,1.8
The Boxtrolls,60000000,108255770,1.8
Payback,90000000,161626121,1.8
The Five-Year Engagement,30000000,53909751,1.8
Shalako,1455000,2620000,1.8
Hulk,137000000,245360480,1.79
ParaNorman,60000000,107139399,1.79
Hot Tub Time Machine,36000000,64572262,1.79
Stranger Than Fiction,30000000,53653224,1.79
The Black Hole,20000000,35841901,1.79
Secret in Their Eyes,19500000,34854990,1.79
Rat Race,48000000,85498534,1.78
A Night at the Roxbury,17000000,30331165,1.78
Just Like Heaven,58000000,102854431,1.77
Failure to Launch,50000000,88715192,1.77
Shanghai Knights,50000000,88323487,1.77
Снежная королева,7000000,12400000,1.77
Alice Through the Looking Glass,170000000,299370084,1.76
The Three Musketeers,75000000,132274484,1.76
Big Fish,70000000,122919055,1.76
Being John Malkovich,13000000,22863596,1.76
Stir of Echoes,12000000,21133087,1.76
Sparkle,14000000,24637469,1.76
Legend of the Guardians: The Owls of Ga'Hoole,80000000,140073390,1.75
Surf's Up,85000000,149044513,1.75
Gangster Squad,60000000,105200903,1.75
Boomerang,40000000,70100000,1.75
The Walk,35000000,61181942,1.75
Along Came a Spider,60000000,105178561,1.75
The Fisher King,24000000,41895491,1.75
Zack and Miri Make a Porno,24000000,42105111,1.75
Joe Dirt,17700000,30987695,1.75
Elle s'appelait Sarah,10000000,17511906,1.75
Tea with Mussolini,12000000,21001563,1.75
In the Land of Women,10000000,17500000,1.75
The Saint,68000000,118063304,1.74
The American President,62000000,107879496,1.74
Under Siege 2: Dark Territory,60000000,104324083,1.74
Brooklyn's Finest,17000000,29536299,1.74
The Broken Hearts Club: A Romantic Comedy,1000000,1744858,1.74
G.I. Joe: The Rise of Cobra,175000000,302469017,1.73
Captain Phillips,55000000,95000000,1.73
Stigmata,29000000,50041732,1.73
Crank: High Voltage,20000000,34560577,1.73
Adaptation.,19000000,32801173,1.73
The Invention of Lying,18500000,31912793,1.73
The Matador,10000000,17297244,1.73
The Virgin Suicides,6000000,10409377,1.73
Our Idiot Brother,10000000,17273593,1.73
The Mothman Prophecies,32000000,55157539,1.72
Space Chimps,37000000,63800345,1.72
Secretariat,35000000,60251371,1.72
House of Wax,40000000,68766121,1.72
Arachnophobia,31000000,53208180,1.72
Legend,25000000,42972994,1.72
Pocketful of Miracles,2900000,5000000,1.72
Blood Diamond,100000000,170877916,1.71
Seabiscuit,87000000,148336445,1.71
Something Borrowed,35000000,59901913,1.71
The Tree of Life,32000000,54674226,1.71
Mortal Kombat: Annihilation,30000000,51376861,1.71
The Texas Chainsaw Massacre 2,4700000,8025872,1.71
The Other Guys,100000000,170432927,1.7
Lost in Space,80000000,136159423,1.7
The Naked Gun 33⅓: The Final Insult,30000000,51132598,1.7
The Next Three Days,30000000,51148651,1.7
Endless Love,20000000,34077920,1.7
The Emperor's New Groove,100000000,169327687,1.69
Charlotte's Web,85000000,144000000,1.69
Star Trek: Insurrection,70000000,118000000,1.69
Joy,60000000,101134059,1.69
Florence Foster Jenkins,29000000,48902953,1.69
She's the Man,20000000,33889159,1.69
The Sweeney,3730500,6294161,1.69
Sholem Aleichem: Laughing In The Darkness,500000,845188,1.69
Unstoppable,100000000,167805466,1.68
Marmaduke,50000000,83761844,1.68
Jersey Boys,40000000,67347013,1.68
Fever Pitch,30000000,50451307,1.68
Spaceballs,22700000,38119483,1.68
Friday After Next,20000000,33526835,1.68
The Namesake,12000000,20138836,1.68
Who Killed the Electric Car?,1000000,1678874,1.68
The Siege,70000000,116672912,1.67
The Judge,50000000,83719388,1.67
Brothers,26000000,43318349,1.67
Beginners,3200000,5332926,1.67
The Punisher,33000000,54700105,1.66
Undercover Brother,25000000,41604473,1.66
The Hours,25000000,41597830,1.66
Lara Croft Tomb Raider: The Cradle of Life,95000000,156505388,1.65
The Craft,15000000,24769466,1.65
Evil Dead II,3600000,5923044,1.65
Dark Shadows,150000000,245527149,1.64
Death Race,45000000,73762516,1.64
Hannibal Rising,50000000,82169884,1.64
Sweet November,40000000,65754228,1.64
The Sisterhood of the Traveling Pants 2,27000000,44352417,1.64
The Machinist,5000000,8203235,1.64
Requiem for a Dream,4500000,7390108,1.64
A Christmas Carol,200000000,325233863,1.63
Allegiant,110000000,179246868,1.63
Kingdom of Heaven,130000000,211643158,1.63
The Last Witch Hunter,90000000,146936910,1.63
Abraham Lincoln: Vampire Hunter,69000000,112265139,1.63
Burlesque,55000000,89519773,1.63
Radio,32000000,52277485,1.63
Predator 2,35000000,57120318,1.63
A Perfect Getaway,14000000,22852638,1.63
The Boy in the Striped Pyjamas,12500000,20416563,1.63
Last Action Hero,85000000,137298489,1.62
Body of Lies,70000000,113280098,1.62
Out of Sight,48000000,77745568,1.62
The Spy Next Door,28000000,45236543,1.62
War,25000000,40452643,1.62
Mo' Better Blues,10000000,16153593,1.62
Muppets Most Wanted,50000000,80383290,1.61
9,30000000,48428063,1.61
The Informant!,22000000,35424826,1.61
Lockout,20000000,32204030,1.61
2046,12000000,19271312,1.61
Fight Club,63000000,100853753,1.6
Paycheck,60000000,96269812,1.6
The Sweetest Thing,43000000,68696770,1.6
Exit Wounds,50000000,79958599,1.6
You Again,20000000,32005248,1.6
Ghostbusters,144000000,229147509,1.59
Meet Joe Black,90000000,142940100,1.59
Charlie Wilson's War,75000000,119000410,1.59
Fool's Gold,70000000,111231041,1.59
Little Man,64000000,101595121,1.59
Chi bi,80341000,127814609,1.59
Joy Ride,23000000,36642838,1.59
Team America: World Police,32000000,50907422,1.59
Walking With Dinosaurs,80000000,126546518,1.58
Paint Your Wagon,20000000,31678778,1.58
The Long Riders,10000000,15795189,1.58
Bon Cop Bad Cop,8000000,12671300,1.58
Buffalo '66,1500000,2375097,1.58
Now You See Me,75000000,117698894,1.57
Shooter,61000000,95696996,1.57
The Reaping,40000000,62771059,1.57
Looper,30000000,47042000,1.57
Blow,53000000,83282296,1.57
The Gambler,25000000,39171130,1.57
High Fidelity,30000000,47126295,1.57
Leap Year,19000000,29922472,1.57
Machete,20000000,31327899,1.57
The Devil's Own,90000000,140807547,1.56
Cats & Dogs,60000000,93375151,1.56
Two Weeks Notice,60000000,93354918,1.56
The Sisterhood of the Traveling Pants,25000000,39053061,1.56
Bound,4500000,7011317,1.56
Robin Hood,200000000,310669540,1.55
What Lies Beneath,100000000,155464351,1.55
Atlantis: The Lost Empire,120000000,186053725,1.55
Spy Game,92000000,143049560,1.55
The Time Machine,80000000,123729176,1.55
Little Shop of Horrors,25000000,38748395,1.55
Dante's Peak,116000000,178127760,1.54
The Ninth Gate,38000000,58401898,1.54
Jay and Silent Bob Strike Back,22000000,33788161,1.54
Jason X,11000000,16951798,1.54
Spirit: Stallion of the Cimarron,80000000,122563539,1.53
Surrogates,80000000,122444772,1.53
We Were Soldiers,75000000,114660784,1.53
Men of Honor,32000000,48814909,1.53
Black Rain,30000000,45892212,1.53
Million Dollar Arm,25000000,38307627,1.53
Return to Me,24000000,36609995,1.53
Our Family Wedding,14000000,21409028,1.53
Repo Man,1500000,2300000,1.53
The Little Prince,64000000,97571250,1.52
High Crimes,42000000,63781810,1.52
Colombiana,40000000,60965854,1.52
The Tigger Movie,30000000,45554533,1.52
What's Your Number?,20000000,30426096,1.52
U2 3D,15000000,22730842,1.52
Waterworld,175000000,264218220,1.51
The Mortal Instruments: City of Bones,60000000,90565421,1.51
Ninja Assassin,40000000,60462347,1.51
Marie Antoinette,40000000,60474340,1.51
The Taking of Pelham 1 2 3,100000000,150166126,1.5
Hostage,52000000,77944725,1.5
Hellboy,66000000,99318987,1.5
Planet 51,70000000,104945765,1.5
The Ghost and the Darkness,50000000,75000000,1.5
3 Strikes,6000000,9000000,1.5
Topaz,4000000,6000000,1.5
Message in a Bottle,80000000,118880016,1.49
Glory,18000000,26828365,1.49
Clockstoppers,26000000,38793283,1.49
The One,49000000,72700000,1.48
The Hurricane,50000000,73956241,1.48
Hot Pursuit,35000000,51680201,1.48
Don't Be Afraid of the Dark,25000000,36993168,1.48
一個好人,12716953,18814720,1.48
Nutty Professor II: The Klumps,84000000,123307945,1.47
Did You Hear About the Morgans?,58000000,85280250,1.47
Morning Glory,40000000,58785180,1.47
Fright Night,17000000,24922237,1.47
Монгол,18000000,26527510,1.47
Nebraska,12000000,17654912,1.47
S.W.A.T.,80000000,116643346,1.46
State of Play,60000000,87784194,1.46
Dolphin Tale 2,36000000,52424533,1.46
The Wash,7000000,10229331,1.46
"For a Good Time, Call...",850000,1243961,1.46
Superman Returns,270000000,391081192,1.45
Battleship,209000000,303025485,1.45
Mars Attacks!,70000000,101371017,1.45
The Change-Up,52000000,75450437,1.45
30 Minutes or Less,28000000,40547440,1.45
Beauty Shop,25000000,36351350,1.45
Haywire,23000000,33372606,1.45
Force 10 from Navarone,5000000,7230000,1.45
The Sorcerer's Apprentice,150000000,215283742,1.44
The Lovely Bones,65000000,93525586,1.44
Swordfish,102000000,147080413,1.44
The Man from U.N.C.L.E.,75000000,108145109,1.44
The Host,44000000,63327201,1.44
Three Kings,75000000,108000000,1.44
Concussion,35000000,50363790,1.44
Max Keeble's Big Move,12000000,17292381,1.44
Watchmen,130000000,185258983,1.43
The Huntsman: Winter's War,115000000,164602163,1.43
Enemy at the Gates,68000000,96976270,1.43
Barnyard,51000000,72779000,1.43
Run All Night,50000000,71561644,1.43
A Lot Like Love,30000000,42886719,1.43
La migliore offerta,13500000,19255873,1.43
RockNRolla,18000000,25739015,1.43
Stuart Little 2,120000000,169956806,1.42
Snake Eyes,73000000,103891409,1.42
Malcolm X,34000000,48169908,1.42
Highlander III: The Sorcerer,26000000,36800000,1.42
Harry Brown,7300000,10329747,1.42
Master and Commander: The Far Side of the World,150000000,212011111,1.41
The Running Man,27000000,38122105,1.41
Hocus Pocus,28000000,39514713,1.41
Love the Coopers,17000000,24000000,1.41
And So It Goes,18000000,25312387,1.41
Vampire in Brooklyn,14000000,19800000,1.41
Le scaphandre et le papillon,14000000,19777647,1.41
Fantastic Four,120000000,167977596,1.4
Curious George,50000000,69834815,1.4
The Sitter,25000000,34942188,1.4
Flicka,15000000,21000000,1.4
Captive,2000000,2801508,1.4
13 Hours: The Secret Soldiers of Benghazi,50000000,69411370,1.39
The Adventures of Sharkboy and Lavagirl,50000000,69425966,1.39
Pay It Forward,40000000,55707411,1.39
Breakdown,36000000,50159144,1.39
Love & Basketball,20000000,27728118,1.39
"4 luni, 3 săptămîni și 2 zile",852510,1185783,1.39
The Spanish Prisoner,10000000,13835130,1.38
The Long Kiss Goodnight,65000000,89456761,1.38
Extremely Loud & Incredibly Close,40000000,55247881,1.38
Gridiron Gang,30000000,41480851,1.38
The Best of Me,26000000,35926213,1.38
Lakeview Terrace,20000000,27640028,1.38
Catch-22,18000000,24911670,1.38
Admission,13000000,18000000,1.38
White House Down,150000000,205366737,1.37
Astérix aux Jeux Olympiques,97250400,132900000,1.37
Small Soldiers,40000000,54682547,1.37
Keanu,15000000,20566327,1.37
Country Strong,15000000,20529194,1.37
Kama Sutra - A Tale of Love,3000000,4109095,1.37
The Green Inferno,5000000,6833445,1.37
Enough,38000000,51801187,1.36
Just My Luck,28000000,38159905,1.36
From Dusk Till Dawn,19000000,25836616,1.36
Khumba,20000000,27187375,1.36
Extract,8000000,10848783,1.36
Jarhead,72000000,96889998,1.35
Elizabeth: The Golden Age,55000000,74237563,1.35
Poltergeist III,10500000,14144000,1.35
The Ballad of Cable Hogue,3716946,5000000,1.35
The Ghost Writer,45000000,60222298,1.34
Wimbledon,31000000,41512007,1.34
Safe,30000000,40346186,1.34
Mulholland Drive,15000000,20117339,1.34
The Tailor of Panama,21000000,28008462,1.33
The Boondock Saints II: All Saints Day,8000000,10629321,1.33
Willy Wonka & the Chocolate Factory,3000000,4000000,1.33
Robot & Frank,2500000,3325038,1.33
Cats & Dogs 2 : The Revenge of Kitty Galore,85000000,112483764,1.32
Elektra,43000000,56681566,1.32
Herbie Fully Loaded,50000000,66002004,1.32
Parker,35000000,46216641,1.32
An Ideal Husband,14000000,18535191,1.32
Wild Wild West,170000000,222104681,1.31
The BFG,140000000,183345589,1.31
Killers,75000000,98159963,1.31
Priest,60000000,78309131,1.31
The Thing,15000000,19629760,1.31
Magnolia,37000000,48451803,1.31
Going the Distance,32000000,42045846,1.31
Zodiac,65000000,84785914,1.3
The Sentinel,60000000,77920346,1.3
Queen of the Damned,35000000,45479110,1.3
The Wraith,2700000,3500000,1.3
Crazy/Beautiful,13000000,16929123,1.3
The Island,126000000,162949164,1.29
The Abyss,70000000,90000098,1.29
Aliens in the Attic,45000000,57881056,1.29
Boys and Girls,16000000,20627372,1.29
Seven Psychopaths,15000000,19422261,1.29
54,13000000,16757163,1.29
New Nightmare,14000000,18090181,1.29
Cloud Atlas,102000000,130482868,1.28
The Mechanic,40000000,51070807,1.28
Midnight Run,30000000,38413606,1.28
In the Valley of Elah,23000000,29541790,1.28
Raging Bull,18000000,23000000,1.28
Office Space,10000000,12827813,1.28
Choke,3000000,3830137,1.28
Point Blank,2500000,3200000,1.28
Point Break,105000000,133718711,1.27
3:10 to Yuma,55000000,70016220,1.27
I Don't Know How She Does It,24000000,30551495,1.27
Brother,12000000,15250000,1.27
Prom,8000000,10130000,1.27
Stargate: The Ark of Truth,7000000,8900000,1.27
From a Whisper to a Scream,1100000,1400000,1.27
Arthur et les Minimoys,86000000,107944236,1.26
Reds,32000000,40382659,1.26
Hardball,32000000,40222729,1.26
Dinner for Schmucks,69000000,86387857,1.25
Kicking & Screaming,45000000,56070433,1.25
Welcome Home Roscoe Jenkins,35000000,43650785,1.25
Zwartboek,21000000,26193068,1.25
Machete Kills,12000000,15008161,1.25
The Last Godfather,13400000,16700000,1.25
Dolphins and Whales: Tribes of the Ocean,6000000,7518876,1.25
Full Frontal,2000000,2506446,1.25
Ruby in Paradise,800000,1001437,1.25
The Core,60000000,74208267,1.24
The Kingdom,70000000,86658558,1.24
RED,58000000,71664962,1.24
Ladder 49,60000000,74541707,1.24
The Island of Dr. Moreau,40000000,49627779,1.24
The Railway Man,18000000,22309223,1.24
Cinderella Man,88000000,108539911,1.23
Deep Blue Sea,60000000,73648228,1.23
A Man Apart,36000000,44350926,1.23
Keeping the Faith,30000000,37036004,1.23
Left Behind,16000000,19682924,1.23
Snitch,35000000,42930462,1.23
Tears of the Sun,70000000,85632458,1.22
The Shaggy Dog,50000000,61112916,1.22
Righteous Kill,60000000,73174566,1.22
The Girl Next Door,25000000,30411183,1.22
Riding Giants,2600000,3166000,1.22
Larry Crowne,30000000,36160375,1.21
Let Me In,20000000,24145613,1.21
Trance,20000000,24261569,1.21
Crossover,5800000,7000000,1.21
Mean Creek,500000,603943,1.21
Seventh Son,95000000,114178613,1.2
The Manchurian Candidate,80000000,96105964,1.2
The Brothers Grimm,88000000,105316267,1.2
Chain Reaction,50000000,60209334,1.2
The International,50000000,60161391,1.2
Tin Cup,45000000,53854588,1.2
Donnie Brasco,35000000,41954997,1.2
A Good Year,35000000,42064105,1.2
Godsend,25000000,30114487,1.2
My Life in Ruins,17000000,20455276,1.2
I Think I Love My Wife,11000000,13196245,1.2
The Last Temptation of Christ,7000000,8373585,1.2
16 Blocks,55000000,65664721,1.19
Frailty,11000000,13110448,1.19
American History X,20000000,23875127,1.19
Trolljegeren,3500000,4159678,1.19
xXx: State of the Union,60000000,71073932,1.18
The Story of Us,50000000,58900031,1.18
Assault on Precinct 13,30000000,35294470,1.18
Dracula 2000,28000000,33000337,1.18
Blade Runner,28000000,33139618,1.18
W.,25100000,29506464,1.18
A Mighty Heart,16000000,18928871,1.18
The 6th Day,82000000,96085477,1.17
Random Hearts,64000000,74608570,1.17
Miss Potter,30000000,35078241,1.17
Self/less,26000000,30523226,1.17
Disturbing Behavior,15000000,17507368,1.17
Mine vaganti,7000000,8220215,1.17
The Train,5800000,6800000,1.17
Happy Feet Two,130000000,150406466,1.16
Get Rich or Die Tryin',40000000,46442528,1.16
Torque,40000000,46546197,1.16
Fantastic Mr. Fox,40000000,46471023,1.16
Take the Lead,30000000,34742066,1.16
Tora! Tora! Tora!,25485000,29548291,1.16
The Thirteenth Floor,16000000,18564088,1.16
Dazed and Confused,6900000,7993039,1.16
Let's Go to Prison,4000000,4630045,1.16
Starship Troopers,105000000,121214377,1.15
Tango & Cash,55000000,63408614,1.15
The Rainmaker,40000000,45916769,1.15
Blast from the Past,35000000,40263020,1.15
Alive,32000000,36733909,1.15
Draft Day,25000000,28831145,1.15
Armored,20000000,22942221,1.15
Steve Jobs,30000000,34441873,1.15
Poseidon,160000000,181674817,1.14
Ender's Game,110000000,125537191,1.14
The Haunting,80000000,91188905,1.14
Fantasia 2000,80000000,90874570,1.14
The Raven,26000000,29657751,1.14
Superman IV: The Quest for Peace,17000000,19300000,1.14
Firestarter,15000000,17080167,1.14
200 Cigarettes,6000000,6852450,1.14
"Happy, Texas",1700000,1943649,1.14
The Stepford Wives,90000000,102000000,1.13
Murder by Numbers,50000000,56714147,1.13
Unleashed,45000000,50871113,1.13
Rob Roy,28000000,31596911,1.13
The Shawshank Redemption,25000000,28341469,1.13
Labor Day,18000000,20275812,1.13
Shopgirl,10284523,11588205,1.13
Demonic,3000000,3387000,1.13
Star Trek: Nemesis,60000000,67312826,1.12
Joan of Arc,60000000,66976317,1.12
Zoolander 2,50000000,55969000,1.12
Grudge Match,40000000,44907260,1.12
Furry Vengeance,35000000,39340177,1.12
Dreamcatcher,68000000,75715436,1.11
Out of Time,50000000,55495563,1.11
Agent Cody Banks 2: Destination London,26000000,28818995,1.11
Ice Princess,25000000,27645491,1.11
The Box,30000000,33333531,1.11
Reign Over Me,20000000,22222308,1.11
The Marine,20000000,22165608,1.11
Whip It,15000000,16633035,1.11
Boiler Room,26000000,28780255,1.11
City Island,6000000,6670712,1.11
Green Lantern,200000000,219851172,1.1
Tomorrowland,190000000,209154322,1.1
The Chronicles of Riddick,105000000,115772733,1.1
Sucker Punch,82000000,89792502,1.1
Fair Game,22000000,24188922,1.1
The Ant Bully,50000000,55181129,1.1
Charlie St. Cloud,44000000,48190704,1.1
Man on a Ledge,42000000,46221189,1.1
Confessions of a Dangerous Mind,30000000,33013805,1.1
Carnage,25000000,27603069,1.1
Beerfest,17500000,19179969,1.1
Made,5000000,5476060,1.1
Tucker and Dale vs Evil,5000000,5476793,1.1
Airborne,2600000,2850263,1.1
John Carter,260000000,284139100,1.09
Hugo,170000000,185770160,1.09
The Incredible Hulk,150000000,163712074,1.09
"I, Frankenstein",65000000,71154592,1.09
Captain Corelli's Mandolin,57000000,62112895,1.09
Metegol,22000000,24000000,1.09
Alexander,155000000,167298192,1.08
Gods of Egypt,140000000,150680864,1.08
Hidalgo,100000000,108103450,1.08
Living Out Loud,12000000,12902790,1.08
Danny Collins,10000000,10835752,1.08
The Kid,65000000,69700000,1.07
Eastern Promises,51500000,55112356,1.07
Laws of Attraction,28000000,30016165,1.07
Case 39,27000000,29000000,1.07
Four Rooms,4000000,4300000,1.07
To Die For,20000000,21284514,1.06
ATL,20000000,21170563,1.06
Drop Dead Gorgeous,10000000,10571408,1.06
Fifty Shades of Black,20000000,21164799,1.06
C'era una volta il West,5000000,5321508,1.06
Jupiter Ascending,176000003,183987723,1.05
The Score,68000000,71069884,1.05
K-PAX,48000000,50315140,1.05
The Guilt Trip,40000000,41863726,1.05
Kiss Kiss Bang Bang,15000000,15785148,1.05
Ong Bak 2,8500000,8936663,1.05
Year One,60000000,62357900,1.04
Shanghai Noon,55000000,56932305,1.04
Aliens vs Predator: Requiem,40000000,41797066,1.04
Ultraviolet,30000000,31070211,1.04
Pride and Glory,30000000,31148328,1.04
The Man with the Iron Fists,15000000,15608545,1.04
Outside Providence,7000000,7292175,1.04
Incendies,6800000,7103838,1.04
Speed 2: Cruise Control,160000000,164508066,1.03
Transcendence,100000000,103039258,1.03
Babylon A.D.,70000000,72108608,1.03
Jersey Girl,35000000,36098382,1.03
Howard the Duck,37000000,37962774,1.03
House of Sand and Fog,16500000,16942795,1.03
Shadow of the Vampire,8000000,8279017,1.03
Rabbit Hole,5000000,5129058,1.03
Jawbreaker,3000000,3076820,1.03
After the Sunset,60000000,61347797,1.02
Walking Tall,56000000,57223890,1.02
From Paris with Love,52000000,52826594,1.02
The New World,30000000,30536013,1.02
Deuce Bigalow: European Gigolo,22000000,22400154,1.02
Basquiat,2962051,3011195,1.02
Jack the Giant Slayer,195000000,197687603,1.01
金陵十三釵,94000000,95311434,1.01
The Bad News Bears,35000000,35323292,1.01
Dark City,27000000,27200316,1.01
Appaloosa,20000000,20211394,1.01
Stoker,12000000,12077441,1.01
The Hunchback of Notre Dame,100000000,100138851,1.0
Where the Wild Things Are,100000000,100086793,1.0
The Watch,68000000,68267862,1.0
Absolute Power,50000000,50068310,1.0
Beautiful Creatures,60000000,60052138,1.0
Serenity,39000000,38869464,1.0
The 33,25000000,24902723,1.0
Win a Date with Tad Hamilton!,17000000,16980098,1.0
Wish I Was Here,5500000,5483299,1.0
Evan Almighty,175000000,173000000,0.99
Zathura: A Space Adventure,65000000,64321501,0.99
Raising Helen,50000000,49718611,0.99
Sex Drive,19000000,18755936,0.99
Raise Your Voice,15000000,14867514,0.99
Exorcist: The Beginning,80000000,78000586,0.98
The Black Dahlia,50000000,49111202,0.98
On Deadly Ground,50000000,49000000,0.98
True Romance,12500000,12281551,0.98
Bulworth,30000000,29202884,0.97
Alatriste,24000000,23321954,0.97
The Next Best Thing,25000000,24362772,0.97
Red Lights,14000000,13551174,0.97
90 Minutes in Heaven,5000000,4842699,0.97
The Dilemma,70000000,67112664,0.96
Inkheart,60000000,57490374,0.96
G.I. Jane,50000000,48169156,0.96
Faster,24000000,23081726,0.96
Center Stage,18000000,17200925,0.96
Drowning Mona,16000000,15427192,0.96
Seeking a Friend for the End of the World,10000000,9636289,0.96
Latter Days,850000,819939,0.96
Home on the Range,110000000,103951461,0.95
Green Zone,100000000,94882889,0.95
The Rundown,85000000,80916492,0.95
Quest for Camelot,40000000,38172500,0.95
The Age of Innocence,34000000,32255440,0.95
Stitches,100000,95000,0.95
In the Heart of the Sea,100000000,93820758,0.94
Ben-Hur,100000000,94061311,0.94
Bicentennial Man,100000000,93700000,0.94
Bad Company,70000000,65977295,0.94
Edge of Darkness,80000000,74901339,0.94
Bangkok Dangerous,45000000,42487390,0.94
15 Minutes,60000000,56359980,0.94
The Losers,25000000,23580000,0.94
Lars and the Real Girl,12000000,11293663,0.94
Happiness,3000000,2807390,0.94
Doom,60000000,55987321,0.93
Untraceable,35000000,32483410,0.93
Kingpin,27000000,25023434,0.93
Catch That Kid,18000000,16702864,0.93
Soul Plane,16000000,14822346,0.93
Space Battleship Yamato,12000000,11212294,0.93
Sahara,130000000,119269486,0.92
Collateral Damage,85000000,78382433,0.92
Children of Men,76000000,69959751,0.92
Analyze That,60000000,55003135,0.92
One for the Money,40000000,36893721,0.92
Goal!: The Dream Begins,30000000,27610873,0.92
Warrior,25000000,23057115,0.92
Ladyhawke,20000000,18432000,0.92
The Quiet American,30000000,27674124,0.92
Pompeii,130000000,117831631,0.91
Elizabethtown,57000000,52034889,0.91
The Doors,38000000,34416893,0.91
1941,35000000,31755742,0.91
The Incredible Burt Wonderstone,30000000,27437881,0.91
Simon Birch,20000000,18253415,0.91
Miss Julie,5500000,5000000,0.91
Bandits,75000000,67631903,0.9
Hanging Up,40000000,36037909,0.9
Frankenweenie,39000000,35287788,0.9
Rendition,27500000,24748670,0.9
The Negotiator,50000000,44547681,0.89
Into the Blue,50000000,44434439,0.89
Premium Rush,35000000,31083599,0.89
Don Juan DeMarco,25000000,22200000,0.89
School for Scoundrels,20000000,17807569,0.89
南京!南京!,12000000,10652498,0.89
College,7000000,6230276,0.89
The Aviator,116000000,102000000,0.88
Killer Elite,66000000,57777106,0.88
The Legend of Hercules,70000000,61279452,0.88
The Master,32000000,28258060,0.88
Ella Enchanted,31000000,27388767,0.88
The Wiz,24000000,21049053,0.88
Saving Silverman,22000000,19351569,0.88
Away We Go,17000000,14899417,0.88
A Scanner Darkly,8700000,7659918,0.88
Hot Tub Time Machine 2,14000000,12314651,0.88
Body Double,10000000,8801940,0.88
Galaxina,5500000,4865000,0.88
Dragonfly,60000000,52322400,0.87
Red Tails,58000000,50365377,0.87
Monte Carlo,20000000,17425000,0.87
A Guy Thing,20000000,17432163,0.87
Capitalism: A Love Story,20000000,17436509,0.87
25th Hour,15000000,13060843,0.87
Talk Radio,4000000,3468572,0.87
47 Ronin,175000000,150962475,0.86
Pan,150000000,128388320,0.86
Looney Tunes: Back in Action,80000000,68514844,0.86
Basic,50000000,42792561,0.86
Victor Frankenstein,40000000,34227298,0.86
He Got Game,25000000,21567853,0.86
The Road,32000000,27635305,0.86
12 Rounds,20000000,17280326,0.86
The Astronaut Farmer,13000000,11130889,0.86
Glengarry Glen Ross,12500000,10725228,0.86
We Need to Talk About Kevin,7000000,6038942,0.86
Charly,950000,814666,0.86
The Tale of Despereaux,60000000,50877145,0.85
Dark Water,30000000,25473093,0.85
Escape from L.A.,50000000,42277365,0.85
Last Holiday,45000000,38399961,0.85
The Producers,45000000,38058335,0.85
The Four Feathers,35000000,29882645,0.85
The Rage: Carrie 2,21000000,17762705,0.85
Death Sentence,20000000,16974459,0.85
Brigham City,1000000,852206,0.85
What Dreams May Come,85000000,71485043,0.84
Oliver Twist,50000000,42093706,0.84
Jack Ryan: Shadow Recruit,60000000,50549107,0.84
Meet Dave,60000000,50650079,0.84
Æon Flux,62000000,52304001,0.84
The Pledge,35000000,29400000,0.84
Original Sin,42000000,35402320,0.84
Swing Vote,21000000,17600000,0.84
The Cold Light of Day,20000000,16863583,0.84
Fortress,8000000,6739141,0.84
"The Book of Mormon Movie, Volume 1: The Journey",2000000,1672730,0.84
Deux frères,74500000,62172050,0.83
Sky Captain and the World of Tomorrow,70000000,57958696,0.83
That's My Boy,70000000,58058367,0.83
Gremlins 2: The New Batch,50000000,41482207,0.83
EuroTrip,25000000,20796847,0.83
Paparazzi,20000000,16605763,0.83
Battle of the Year,20000000,16549477,0.83
Mao's Last Dancer,25000000,20719451,0.83
Sydney White,16500000,13620075,0.83
Ali,107000000,87713825,0.82
Catwoman,100000000,82102379,0.82
Dredd,50000000,41037742,0.82
Funny People,75000000,61458982,0.82
Gamer,50000000,40828540,0.82
Fun Size,14000000,11417362,0.82
I Love You Phillip Morris,13000000,10652035,0.82
Bad Words,9500000,7800000,0.82
A Civil Action,70000000,56702901,0.81
Happily N'Ever After,47000000,38085778,0.81
Anywhere But Here,23000000,18653615,0.81
It's Kind of a Funny Story,8000000,6491240,0.81
Sea Rex 3D: Journey to a Prehistoric World,5000000,4074023,0.81
Bottle Shock,5000000,4040588,0.81
The Road to El Dorado,95000000,76432727,0.8
Bridget Jones: The Edge of Reason,50000000,40203020,0.8
Virtuosity,30000000,24048000,0.8
The Right Stuff,27000000,21500000,0.8
Joyeux Noël,22000000,17709155,0.8
Knockaround Guys,15000000,12000000,0.8
The Three Burials of Melquiades Estrada,15000000,12036149,0.8
Banlieue 13,12000000,9584131,0.8
For Greater Glory - The True Story of Cristiada,12000000,9622846,0.8
After.Life,4500000,3606395,0.8
The Pirate,3700000,2956000,0.8
Scott Pilgrim vs. the World,60000000,47664559,0.79
Rock of Ages,75000000,59418613,0.79
Almost Famous,60000000,47383689,0.79
Rent,40000000,31670620,0.79
Flipper,25530000,20080020,0.79
My Soul to Take,25000000,19829957,0.79
Blindness,25000000,19844979,0.79
The Glass House,30000000,23619609,0.79
Pulse,38000000,29907685,0.79
Fish Tank,3000000,2357852,0.79
Speed Racer,120000000,93945766,0.78
Treasure Planet,140000000,109578115,0.78
The Life of David Gale,50000000,38955598,0.78
The Young Victoria,35000000,27409889,0.78
Mandela: Long Walk to Freedom,35000000,27330000,0.78
Hearts in Atlantis,31000000,24185781,0.78
Mindhunters,27000000,21148829,0.78
Dragonslayer,18000000,14110013,0.78
The Lords of Salem,1500000,1165882,0.78
Babe: Pig in the City,90000000,69131860,0.77
Duplicity,78146652,60000000,0.77
Dream House,50000000,38502340,0.77
Dune,40000000,30925690,0.77
Reindeer Games,42000000,32168970,0.77
Flash Gordon,35000000,27107960,0.77
디워,70000000,53587404,0.77
The Greatest Story Ever Told,20000000,15473333,0.77
The Internship,58000000,44000000,0.76
Ronin,55000000,41610884,0.76
While We're Young,10000000,7587485,0.76
The Art of War,40000000,30199105,0.75
The Neverending Story,27000000,20158808,0.75
Faithful,13000000,9789900,0.75
Riding in Cars with Boys,48000000,35743308,0.74
The Deep End of the Ocean,38000000,28121100,0.74
Superhero Movie,35000000,25871834,0.74
Doomsday,30000000,22211426,0.74
Head Over Heels,14000000,10424470,0.74
L'Auberge espagnole,5300000,3897799,0.74
The Diary of a Teenage Girl,2000000,1477002,0.74
Flags of Our Fathers,90000000,65900249,0.73
The Boat That Rocked,50000000,36348784,0.73
Mr. 3000,30000000,21800302,0.73
The Jacket,29000000,21126225,0.73
Black Snake Moan,15000000,10903846,0.73
Simply Irresistible,6000000,4398989,0.73
Reign of Fire,60000000,43061982,0.72
The Flintstones in Viva Rock Vegas,83000000,59468275,0.72
Domestic Disturbance,75000000,54249294,0.72
Midnight in the Garden of Good and Evil,35000000,25105255,0.72
North Country,35000000,25224242,0.72
Shorts,40000000,28972508,0.72
Rescue Dawn,10000000,7177143,0.72
No End in Sight,2000000,1431623,0.72
Leatherheads,58000000,41299492,0.71
Aloha,37000000,26250020,0.71
해운대,16000000,11301649,0.71
Anomalisa,8000000,5659286,0.71
The Life Aquatic with Steve Zissou,50000000,34808403,0.7
Cirque du Freak: The Vampire's Assistant,40000000,28169671,0.7
Vanity Fair,23000000,16123851,0.7
Before I Go to Sleep,22000000,15447154,0.7
Out of the Furnace,22000000,15400000,0.7
Home Fries,15000000,10443316,0.7
The Joneses,10000000,7022728,0.7
Albert Nobbs,8000000,5634828,0.7
Mambo Italiano,4361898,3031801,0.7
Land of the Lost,100000000,68688831,0.69
Spanglish,80000000,55041367,0.69
Wanderlust,35000000,24159934,0.69
Fled,25000000,17193231,0.69
The Water Diviner,22500000,15520023,0.69
The Man Who Knew Too Little,20000000,13801755,0.69
My Stepmother is an Alien,20000000,13854000,0.69
Windtalkers,115000000,77628265,0.68
Mission to Mars,90000000,60874615,0.68
Hollywood Homicide,75000000,51142659,0.68
Astro Boy,65000000,44091067,0.68
The Musketeer,40000000,27053815,0.68
Punch-Drunk Love,25000000,17000000,0.68
Muppets from Space,24000000,16290976,0.68
La grande bellezza,12400000,8371085,0.68
All Is Lost,9000000,6108720,0.68
Nine,80000000,53825515,0.67
The Insider,90000000,60289912,0.67
We Are Marshall,65000000,43545364,0.67
The Love Guru,62000000,41819064,0.67
Alex Cross,45000000,30353232,0.67
One Night with the King,20000000,13391174,0.67
Blow Out,18000000,12000000,0.67
The Other Side of Heaven,7000000,4720371,0.67
Around the World in 80 Days,110000000,72178895,0.66
Whatever It Takes,15000000,9902115,0.66
The Finest Hours,80000000,52099090,0.65
The Spirit,60000000,39031337,0.65
The Whole Ten Yards,40000000,26155781,0.65
Detroit Rock City,6500000,4217115,0.65
Ernest et Célestine,12516654,8109160,0.65
The Sweet Hereafter,5000000,3263585,0.65
Gods and Monsters,10000000,6451628,0.65
Tusk,2800000,1826705,0.65
Sunshine,50000000,32017803,0.64
The Replacement Killers,30000000,19204929,0.64
How to Lose Friends & Alienate People,27000000,17286299,0.64
Green Room,5000000,3220371,0.64
Pandorum,33000000,20645327,0.63
Little Black Book,35000000,22034832,0.63
Triple 9,20000000,12639297,0.63
Highlander: Endgame,25000000,15843608,0.63
Never Let Me Go,15000000,9455232,0.63
Final Fantasy: The Spirits Within,137000000,85131830,0.62
Practical Magic,75000000,46683377,0.62
The Hunted,55000000,34234008,0.62
Stuck on You,55000000,33828318,0.62
The Infiltrator,25000000,15436808,0.62
Big Miracle,40000000,24719215,0.62
The Big Wedding,35000000,21819348,0.62
An Unfinished Life,30000000,18618284,0.62
The Greatest Game Ever Played,25000000,15431177,0.62
The Conspirator,25000000,15478800,0.62
I Still Know What You Did Last Summer,65000000,40002112,0.62
The Little Vampire,22000000,13555988,0.62
The Weather Man,20000000,12482775,0.62
Undisputed,20000000,12398628,0.62
Dark Blue,15000000,9237470,0.62
Woo,13000000,8026971,0.62
Out Cold,24000000,14782676,0.62
Take Shelter,5000000,3099314,0.62
Fiza,1000000,623791,0.62
Sin City: A Dame to Kill For,65000000,39407616,0.61
Assassins,50000000,30303072,0.61
Renaissance Man,40000000,24332324,0.61
Krull,27000000,16519460,0.61
Antitrust,30000000,18195610,0.61
The Corruptor,25000000,15156200,0.61
MacGruber,10000000,6110000,0.61
Heavenly Creatures,5000000,3049135,0.61
You Kill Me,4000000,2426851,0.61
Stormbreaker,40000000,23937870,0.6
Obitaemyy Ostrov,36500000,21834845,0.6
Michael Collins,28000000,16900000,0.6
A Most Violent Year,20000000,12007070,0.6
Serial Mom,13000000,7820688,0.6
Money Train,60000000,35431113,0.59
55 Days at Peking,17000000,10000000,0.59
Club Dread,8500000,5001655,0.59
Joe,4000000,2365467,0.59
Driven,94000000,54744738,0.58
Man on the Moon,82000000,47434430,0.58
Drive Angry,50000000,28931401,0.58
The Quick and the Dead,32000000,18552460,0.58
Repo Men,32000000,18409891,0.58
Serving Sara,29000000,16930185,0.58
Pride and Prejudice and Zombies,28000000,16374328,0.58
Fear and Loathing in Las Vegas,18500000,10680275,0.58
Getaway,18000000,10501938,0.58
Summer Catch,34000000,19693891,0.58
The Rocker,15000000,8762890,0.58
Stealth,135000000,76932943,0.57
My Favorite Martian,65000000,36850101,0.57
The Relic,60000000,33956608,0.57
Lord of War,42000000,24127895,0.57
キャプテンハーロック,30000000,17137302,0.57
Connie and Carla,20000000,11341016,0.57
The Apparition,17000000,9627492,0.57
Centurion,12000000,6814789,0.57
Little Children,26000000,14821658,0.57
The Ladies Man,24000000,13700000,0.57
Men with Brooms,7500000,4245870,0.57
Lady in the Water,75000000,42285169,0.56
Agora,70000000,39041505,0.56
City By The Sea,40000000,22433915,0.56
Angel Eyes,53000000,29700000,0.56
Valiant,35000000,19478106,0.56
88 Minutes,30000000,16930884,0.56
Le peuple migrateur,35866397,20217080,0.56
Disaster Movie,25000000,14109284,0.56
Inherent Vice,20000000,11110975,0.56
Running Scared,17000000,9500000,0.56
Chloe,15000000,8459458,0.56
Running with Scissors,12000000,6754898,0.56
Basic Instinct 2,70000000,38629478,0.55
A Thousand Words,40000000,22044277,0.55
Cursed,35000000,19294901,0.55
Sorcerer,22000000,12000000,0.55
Only the Strong,6000000,3283371,0.55
Lords of Dogtown,25000000,13411957,0.54
Promised Land,15000000,8138788,0.54
The Soloist,60000000,31720158,0.53
Deconstructing Harry,20000000,10686841,0.53
Funny Games,15000000,7938872,0.53
The Red Violin,18000000,9495408,0.53
Igby Goes Down,9000000,4777465,0.53
The Majestic,72000000,37317558,0.52
Blood Work,50000000,26199517,0.52
Your Highness,49900000,26121638,0.52
Walk Hard: The Dewey Cox Story,35000000,18317151,0.52
Brokedown Palace,25000000,13000000,0.52
Ready to Rumble,24000000,12372410,0.52
Code Name: The Cleaner,20000000,10337477,0.52
Alone in the Dark,20000000,10442808,0.52
Quills,13500000,7060876,0.52
The House of Mirth,10000000,5164404,0.52
Bright Star,8500000,4440055,0.52
Everything Must Go,5000000,2614773,0.52
Winter's Tale,60000000,30800231,0.51
Mortdecai,60000000,30418560,0.51
Alex & Emma,30000000,15368897,0.51
Anonymous,30000000,15395087,0.51
Damnation Alley,17000000,8720000,0.51
Thunderbirds,57000000,28283637,0.5
Free State of Jones,50000000,25035950,0.5
Sabotage,35000000,17508518,0.5
The Cave,30000000,15007991,0.5
Ghosts of Mars,28000000,14010832,0.5
Battlefield Earth,44000000,21400000,0.49
Titan A.E.,75000000,36754634,0.49
The Legend of Bagger Vance,80000000,39459427,0.49
Punisher: War Zone,20500000,10089373,0.49
Extraordinary Measures,31000000,15134293,0.49
The Assassination of Jesse James by the Coward Robert Ford,30000000,14711793,0.49
RoboCop 3,22000000,10696210,0.49
Shattered Glass,6000000,2944752,0.49
Wonderland,5000000,2466444,0.49
Kill the Messenger,5000000,2450846,0.49
Vượt Sóng,1300000,639000,0.49
Burn,225000,111300,0.49
I Spy,70000000,33561137,0.48
Duplex,40000000,19322135,0.48
Femme Fatale,35000000,16838910,0.48
Winnie the Pooh,30000000,14460000,0.48
Suspect Zero,27000000,13000000,0.48
Moonlight Mile,21000000,10011050,0.48
PCU,9000000,4350774,0.48
The Wackness,6000000,2899975,0.48
R.I.P.D.,130000000,61648500,0.47
Flight of the Phoenix,45000000,21009180,0.47
FearDotCom,40000000,18902015,0.47
Criminal,31500000,14708696,0.47
Welcome to Mooseport,30000000,14000000,0.47
The Hoax,25000000,11772461,0.47
The End of the Affair,23000000,10827816,0.47
The Ballad of Jack and Rose,1500000,712294,0.47
The Adventures of Rocky & Bullwinkle,76000000,35134820,0.46
Hart's War,70000000,32287044,0.46
Domino,50000000,22944502,0.46
Extreme Measures,38000000,17380126,0.46
Heist,8900000,4100000,0.46
For Your Consideration,12000000,5542025,0.46
Slackers,14000000,6413915,0.46
The Lost City,9600000,4386236,0.46
Blue Car,1000000,464000,0.46
The Cotton Club,58000000,25928721,0.45
Showgirls,45000000,20350754,0.45
Hoodwinked Too! Hood VS. Evil,30000000,13521829,0.45
Return to Oz,25000000,11137801,0.45
Stop-Loss,25000000,11207130,0.45
The Ice Storm,18000000,8038061,0.45
The Work and the Glory,7500000,3347647,0.45
Mystery Men,68000000,29762011,0.44
Sinbad: Legend of the Seven Seas,60000000,26288320,0.44
Event Horizon,60000000,26673242,0.44
Super Mario Bros.,48000000,20915465,0.44
The Fountain,35000000,15304890,0.44
Big Trouble in Little China,25000000,11000000,0.44
Metallica: Through the Never,18000000,7972967,0.44
"Jeff, Who Lives at Home",10000000,4417580,0.44
Jagal,1000000,444575,0.44
Flushed Away,149000000,64459316,0.43
Thirteen Days,80000000,34566746,0.43
Le Hussard sur le toit,35000000,15000000,0.43
Wicker Park,30000000,13001257,0.43
Abandon,25000000,10719357,0.43
Stone,22000000,9479718,0.43
American Dreamz,17000000,7314027,0.43
Boat Trip,20000000,8586376,0.43
Post Grad,15000000,6405245,0.43
Wild Target,8000000,3453043,0.43
Les Invasions barbares,8000000,3432342,0.43
Red Planet,80000000,33463969,0.42
The Adventures of Ford Fairlane,49000000,20423389,0.42
Micmacs à tire-larigot,33000000,14000000,0.42
Life or Something Like It,40000000,16872671,0.42
The Bad Lieutenant: Port of Call - New Orleans,25000000,10589102,0.42
Higher Ground,2000000,841733,0.42
The Quiet,900000,381420,0.42
How Do You Know,120000000,48668907,0.41
Unfinished Business,35000000,14431253,0.41
Straw Dogs,25000000,10324441,0.41
Chéri,23000000,9366227,0.41
From Justin to Kelly,12000000,4922166,0.41
Girl 6,12000000,4939939,0.41
Invaders from Mars,12000000,4884663,0.41
The Visual Bible: The Gospel of John,10000000,4069090,0.41
Wyatt Earp,63000000,25052000,0.4
Mrs. Winterbourne,25000000,10070000,0.4
Nine 1/2 Weeks,17000000,6735922,0.4
Black Nativity,17500000,7018189,0.4
Transsiberian,15000000,5926410,0.4
Under the Skin,13300000,5380251,0.4
Excessive Force,3000000,1200000,0.4
Zero Effect,5000000,1980338,0.4
The 13th Warrior,160000000,61698899,0.39
The Out-of-Towners,75000000,29000000,0.39
American Outlaws,35000000,13678913,0.39
Red Sonja,17900000,6948633,0.39
Australia,130000000,49554002,0.38
The Last Legion,67000000,25303038,0.38
The Last Castle,72000000,27642707,0.38
The Phantom,45000000,17300889,0.38
Hackers,20000000,7563728,0.38
Grindhouse,67000000,25037897,0.37
By the Sea,10000000,3727746,0.37
Highlander,16000000,5900000,0.37
The Immigrant,16000000,5867686,0.37
"Paris, je t'aime",13000000,4857367,0.37
Killer Joe,10000000,3665069,0.37
The East,6500000,2401510,0.37
Memoirs of an Invisible Man,40000000,14358033,0.36
Zoom,35000000,12506188,0.36
Shark Night,28000000,10126458,0.36
Take Me Home Tonight,19000000,6928068,0.36
Gossip,14000000,5108820,0.36
Videodrome,5952000,2120439,0.36
The Lone Ranger,255000000,89289910,0.35
K-19: The Widowmaker,100000000,35168966,0.35
Gattaca,36000000,12532777,0.35
Broken City,56000000,19701164,0.35
On the Road,25000000,8784318,0.35
Play It to the Bone,24000000,8434146,0.35
An American Carol,20000000,7000000,0.35
Midnight Special,18000000,6212282,0.35
The Young Messiah,18500000,6490401,0.35
The In Crowd,15000000,5217498,0.35
Mallrats,6000000,2122561,0.35
The Fan,55000000,18626419,0.34
The Gunman,40000000,13644292,0.34
The Bounty,25000000,8613462,0.34
Novocaine,6000000,2025238,0.34
Kill List,500000,171760,0.34
The Iron Giant,70000000,23159305,0.33
Baby's Day Out,50000000,16671505,0.33
The Order,35000000,11560806,0.33
Ed Wood,18000000,5887457,0.33
Solitary Man,15000000,5024782,0.33
Very Bad Things,30000000,9898412,0.33
Gracie,9000000,2955039,0.33
Inside Deep Throat,2000000,653621,0.33
City of Ember,55000000,17869048,0.32
"Mystery, Alaska",28000000,8888143,0.32
Harley Davidson and the Marlboro Man,23000000,7434726,0.32
Little Boy,20000000,6420319,0.32
The Limey,10000000,3193102,0.32
Down Terrace,31192,10000,0.32
Nixon,44000000,13681765,0.31
Get Carter,63600000,19412993,0.31
Whiteout,40000000,12206028,0.31
The Fifth Estate,28000000,8555008,0.31
The Perfect Game,12500000,3878993,0.31
The Work and the Glory II: American Zion,6500000,2025032,0.31
Sherrybaby,2000000,622806,0.31
3000 Miles to Graceland,62000000,18720175,0.3
Flyboys,60000000,17800000,0.3
Rock Star,57000000,16991902,0.3
Bandidas,35000000,10496317,0.3
A Simple Wish,28000000,8345056,0.3
The Devil's Double,19100000,5728213,0.3
The Runaways,10000000,2995811,0.3
May,500000,150277,0.3
The Young and Prodigious T.S. Spivet,33000000,9494789,0.29
Auto Focus,7000000,2062066,0.29
I Spit on Your Grave,2000000,572809,0.29
Ballistic: Ecks vs. Sever,70000000,19924033,0.28
Hard Rain,70000000,19870567,0.28
The Interview,44000000,12342632,0.28
Barney's Version,30000000,8454301,0.28
The Brothers Bloom,20000000,5530764,0.28
Attack the Block,14350531,3964682,0.28
Romeo Is Bleeding,11500000,3275585,0.28
Barbarella,9000000,2500000,0.28
Showdown in Little Tokyo,8000000,2275557,0.28
Red State,4000000,1104682,0.28
The Virginity Hit,2000000,563706,0.28
Killing Zoe,1500000,418961,0.28
The Believer,1500000,416925,0.28
Legends of Oz: Dorothy's Return,70000000,18662027,0.27
Extreme Ops,40000000,10959475,0.27
White Squall,38000000,10300000,0.27
What Just Happened,25000000,6673422,0.27
Equilibrium,20000000,5359645,0.27
Prison,1300000,354704,0.27
Taxi to the Dark Side,1000000,274661,0.27
Mars Needs Moms,150000000,38992758,0.26
Hudson Hawk,65000000,17218080,0.26
Street Fighter: The Legend of Chun-Li,50000000,12764201,0.26
Mary Reilly,47000000,12379402,0.26
The Warrior's Way,42000000,11087569,0.26
Ishtar,55000000,14375181,0.26
The Astronaut's Wife,75000000,19598588,0.26
Белка и Стрелка. Звёздные собаки,25000000,6500000,0.26
Bandslam,20000000,5210988,0.26
Two Lovers,12000000,3148182,0.26
The Perez Family,11000000,2832826,0.26
Return to the Blue Lagoon,11000000,2807854,0.26
"War, Inc.",5000000,1296184,0.26
Blackhat,70000000,17752940,0.25
Deep Rising,45000000,11203026,0.25
Our Brand Is Crisis,28000000,7002261,0.25
十月圍城,23000000,5837674,0.25
The Fall of the Roman Empire,19000000,4750000,0.25
Limbo,8000000,1997807,0.25
Maurice Richard,8000000,2019009,0.25
Hobo with a Shotgun,3000000,748453,0.25
Session 9,1500000,373967,0.25
Timeline,80000000,19480739,0.24
Universal Soldier: The Return,45000000,10667893,0.24
The Express,40000000,9793496,0.24
The Midnight Meat Train,15000000,3533227,0.24
Glitter,22000000,5271666,0.24
A Home at the End of the World,6500000,1548955,0.24
Beyond the Mat,2053648,500000,0.24
Gods and Generals,56000000,12923936,0.23
Sheena,25000000,5778353,0.23
Dylan Dog: Dead of Night,20000000,4634062,0.23
The Messenger,6500000,1521261,0.23
The Canyons,250000,56825,0.23
The Postman,80000000,17626234,0.22
Jonah Hex,47000000,10539000,0.22
Alfie,60000000,13395939,0.22
Escobar: Paradise Lost,17000000,3758328,0.22
The Homesman,16000000,3442853,0.22
Heartbeeps,10000000,2154696,0.22
Mirrormask,4000000,866999,0.22
Turbulence,55000000,11466088,0.21
Mad City,50000000,10541523,0.21
The Scarlet Letter,50000000,10382407,0.21
Miracle at St. Anna,45000000,9323833,0.21
Big Trouble,40000000,8493890,0.21
Donnie Darko,6000000,1270522,0.21
Los cronocrímenes,2600000,553198,0.21
Jade,50000000,9851610,0.2
Kundun,28000000,5684789,0.2
I'm Not There.,20000000,4001121,0.2
The Frozen Ground,27220000,5496951,0.2
Find Me Guilty,13000000,2636637,0.2
The Molly Maguires,11000000,2200000,0.2
I Hope They Serve Beer in Hell,7000000,1429299,0.2
Subway,2000000,390659,0.2
Rubber,500000,98017,0.2
The Invasion,80000000,15071514,0.19
Soldier,75000000,14567883,0.19
Meet the Deedles,24000000,4562146,0.19
eXistenZ,15000000,2856712,0.19
The Neon Demon,7000000,1333124,0.19
Трудно быть богом,7000000,1310673,0.19
The Alamo,145000000,25819961,0.18
The Nutcracker: The Untold Story,90000000,16178959,0.18
Osmosis Jones,75000000,13596911,0.18
The Big Year,41000000,7448385,0.18
Switchback,37000000,6482195,0.18
The Good German,32000000,5914908,0.18
黃石的孩子,40000000,7400000,0.18
Things We Lost in the Fire,16000000,2849142,0.18
Jefferson in Paris,14000000,2474000,0.18
A Better Life,10000000,1759252,0.18
Losin' It,7000000,1246141,0.18
Les triplettes de Belleville,8000000,1477676,0.18
Sphere,75000000,13100000,0.17
Bullet to the Head,55000000,9489829,0.17
All the King's Men,55000000,9450897,0.17
Against the Ropes,39000000,6614280,0.17
Idle Hands,25000000,4152230,0.17
Awake,86000000,14373825,0.17
Atlas Shrugged Part III: Who is John Galt?,5000000,846704,0.17
Life During Wartime,4500000,744816,0.17
Supernova,90000000,14828081,0.16
Chill Factor,70000000,11263966,0.16
Tank Girl,25000000,4064495,0.16
The Legend of the Lone Ranger,18000000,2945600,0.16
Gun Shy,10000000,1631839,0.16
Redacted,5000000,782102,0.16
Roadside Romeo,7000000,1100000,0.16
Party Monster,5000000,742898,0.15
The Signal,4000000,600896,0.15
The Big Bounce,50000000,6808550,0.14
Virgin Territory,38000000,5410749,0.14
Fur: An Imaginary Portrait of Diane Arbus,16800000,2281089,0.14
The Vatican Tapes,13000000,1784763,0.14
Ondine,12000000,1644755,0.14
兔侠传奇,19000000,2570000,0.14
Coriolanus,7700000,1072602,0.14
Beastmaster 2: Through the Portal of Time,6000000,869325,0.14
七人の侍,2000000,271841,0.14
"First Love, Last Rites",300000,40542,0.14
The Great Raid,80000000,10166502,0.13
Gigli,54000000,7266209,0.13
Radio Flyer,35000000,4651977,0.13
Flipped,14000000,1755212,0.13
Oorlogswinter,4000000,530048,0.13
Super,2500000,324138,0.13
Town & Country,90000000,10372291,0.12
D-Tox,55000000,6416302,0.12
Waterloo,25000000,3052000,0.12
Roar,17000000,2000000,0.12
Undiscovered,9000000,1046166,0.12
My Name Is Bruce,1500000,173066,0.12
Inchon,46000000,5200000,0.11
Cats Don't Dance,32000000,3566637,0.11
Under the Rainbow,20000000,2297493,0.11
The Nutcracker,19000000,2119994,0.11
Steel,16000000,1686429,0.11
Down in the Valley,8000000,852872,0.11
Cutthroat Island,98000000,10017322,0.1
Love in the Time of Cholera,45000000,4607608,0.1
BloodRayne,25000000,2405420,0.1
Renaissance,18000000,1831348,0.1
The Funeral,12500000,1227324,0.1
The Iceman,20000000,1969193,0.1
The Wild Bunch,6244087,638641,0.1
Shooting Fish,3000000,302204,0.1
The Innkeepers,750000,78396,0.1
Blood Ties,25500000,2415472,0.09
Me and Orson Welles,25000000,2336172,0.09
Veronica Guerin,17000000,1569918,0.09
Infamous,13000000,1151330,0.09
Casino Jack,12500000,1083683,0.09
Princess Kaiulani,9000000,771499,0.09
Another Happy Day,4000000,355688,0.09
Heaven's Gate,44000000,3484331,0.08
Isn't She Great,36000000,3003296,0.08
Machine Gun Preacher,30000000,2527904,0.08
Marci X,20000000,1675706,0.08
Slow Burn,15500000,1237615,0.08
Freeheld,7000000,573335,0.08
Bottle Rocket,7000000,560069,0.08
The Mudge Boy,800000,62852,0.08
The Adventures of Pluto Nash,100000000,7103973,0.07
A Sound of Thunder,80000000,5989640,0.07
Monkeybone,75000000,5409517,0.07
Child 44,50000000,3324330,0.07
Things to Do in Denver When You're Dead,8000000,529766,0.07
Prefontaine,8000000,589304,0.07
アキラ,8000000,553171,0.07
The 5th Quarter,6000000,399611,0.07
Stolen,35000000,2106557,0.06
Jane Got a Gun,25000000,1397284,0.06
Enter the Void,13000000,754249,0.06
Swept Away,10000000,598645,0.06
Brooklyn Rules,8000000,458232,0.06
The Extra Man,7000000,453079,0.06
Six-String Samurai,2000000,124494,0.06
It's All Gone Pete Tong,2000000,120620,0.06
Shadow Conspiracy,45000000,2154540,0.05
The Beaver,21000000,970816,0.05
Carlos,18000000,871279,0.05
Manderlay,14200000,674918,0.05
Fido,8000000,426224,0.05
Hesher,7000000,382946,0.05
Maggie,4000000,187112,0.05
Stake Land,650000,33245,0.05
Salton Sea,18000000,676698,0.04
刺客聶隱娘,15000000,632542,0.04
The Awakening,4798235,209696,0.04
Los lunes al sol,4000000,146402,0.04
Sleep Dealer,2500000,107559,0.04
Without Limits,25000000,777423,0.03
In the Land of Blood and Honey,10000000,303877,0.03
Sphinx,14000000,439564,0.03
World's Greatest Dad,10000000,295750,0.03
Opal Dream,5000000,140666,0.03
Winter Passing,3500000,113783,0.03
Freakonomics,3000000,103735,0.03
Eye of the Dolphin,2500000,71904,0.03
Saint John of Las Vegas,3800000,111731,0.03
Return of the Living Dead 3,2000000,54207,0.03
"Pink Ribbons, Inc.",900000,25000,0.03
L!fe Happens,930000,30905,0.03
Ride with the Devil,38000000,635096,0.02
DOA: Dead or Alive,21000000,480314,0.02
The Thief and the Cobbler,28000000,669276,0.02
Rapa Nui,20000000,305070,0.02
The Tempest,20000000,346594,0.02
The Informers,18000000,382174,0.02
Southland Tales,17000000,374743,0.02
The Yellow Handkerchief,15000000,317000,0.02
10th & Wolf,8000000,143451,0.02
The Death and Life of Bobby Z,22000000,413454,0.02
Adore,16000000,318982,0.02
Idiocracy,30000000,495303,0.02
Pontypool,1500000,32000,0.02
Naturally Native,700000,10508,0.02
Metropolis,92620000,650422,0.01
Silent Trigger,15000000,76382,0.01
There Goes My Baby,10500000,123509,0.01
Aloft,8000000,53086,0.01
Ca$h,7000000,46488,0.01
The Boondock Saints,6000000,30471,0.01
"Surfer, Dude",6000000,69497,0.01
Deadfall,12000000,66351,0.01
Song One,6000000,32251,0.01
Trust,9500000,120000,0.01
Defendor,3500000,44462,0.01
Opposite Sex,3300000,45000,0.01
The Divide,3000000,22000,0.01
Stonewall,13500000,187674,0.01
Alone With Her,1000000,10018,0.01
Special,1000000,7202,0.01
Maniac,6000000,31081,0.01
The Lovers,27000000,0,0.0
The Wolfman,150000000,0,0.0
Son of the Mask,84000000,0,0.0
Volcano,90000000,0,0.0
RED 2,84000000,0,0.0
Mighty Joe Young,90000000,0,0.0
Little Nicky,85000000,0,0.0
Don Gato: El inicio de la pandilla,8000000,0,0.0
Inspector Gadget,75000000,0,0.0
Anna and the King,75000000,0,0.0
Mona Lisa Smile,65000000,0,0.0
Primary Colors,65000000,0,0.0
Proof of Life,65000000,0,0.0
Lucky Numbers,65000000,0,0.0
Blades of Glory,53000000,0,0.0
The Family Man,60000000,0,0.0
Michael Jackson's This Is It,60000000,0,0.0
Up Close & Personal,60000000,0,0.0
Mercury Rising,60000000,0,0.0
Edtv,80000000,0,0.0
In the Name of the King: A Dungeon Siege Tale,60000000,0,0.0
Beyond Borders,35000000,0,0.0
Holy Man,60000000,0,0.0
The Ridiculous 6,60000000,0,0.0
George of the Jungle,55000000,0,0.0
Bowfinger,55000000,0,0.0
Instinct,80000000,0,0.0
Imagine That,55000000,0,0.0
Un long dimanche de fiançailles,47000000,0,0.0
Bulletproof Monk,52000000,0,0.0
Christmas with the Kranks,60000000,0,0.0
The Peacemaker,50000000,0,0.0
For Love of the Game,50000000,0,0.0
Man of the House,40000000,0,0.0
Death to Smoochy,55000000,0,0.0
What Planet Are You From?,60000000,0,0.0
The River Wild,45000000,0,0.0
The Indian in the Cupboard,45000000,0,0.0
The Glimmer Man,45000000,0,0.0
Multiplicity,45000000,0,0.0
All the Pretty Horses,57000000,0,0.0
Foodfight!,65000000,73706,0.0
The Juror,44000000,0,0.0
28 Days,43000000,0,0.0
The Mirror Has Two Faces,42000000,0,0.0
Brüno,42000000,0,0.0
The Medallion,41000000,0,0.0
Medicine Man,40000000,0,0.0
Ri¢hie Ri¢h,40000000,0,0.0
Autumn in New York,65000000,0,0.0
Drillbit Taylor,40000000,0,0.0
Bless the Child,40000000,0,0.0
The Other Boleyn Girl,35000000,0,0.0
Kiss of Death,40000000,0,0.0
Impostor,40000000,0,0.0
Delgo,40000000,0,0.0
The Hudsucker Proxy,30000000,0,0.0
投名狀,40000000,0,0.0
Nomad,25000000,0,0.0
Un monstre à Paris,25000000,0,0.0
Dragon Nest: Warriors' Dawn,40000000,0,0.0
Heartbreakers,35000000,0,0.0
Joe Somebody,38000000,0,0.0
In & Out,35000000,0,0.0
The Nativity Story,35000000,0,0.0
Hoffa,35000000,0,0.0
Wonder Boys,35000000,0,0.0
Bait,30000000,0,0.0
Flight of the Intruder,35000000,0,0.0
Knock Off,33000000,0,0.0
Bound by Honor,35000000,0,0.0
Smilla's Sense of Snow,35000000,0,0.0
Lion of the Desert,35000000,0,0.0
I Dreamed of Africa,34000000,0,0.0
Playing for Keeps,35000000,0,0.0
The House of Magic,34000000,0,0.0
The Watcher,33000000,0,0.0
Pushing Tin,33000000,0,0.0
Snow Dogs,33000000,0,0.0
Bringing Out the Dead,32000000,0,0.0
Bogus,32000000,0,0.0
George and the Dragon,32000000,0,0.0
Like Mike,30000000,0,0.0
Letters to Juliet,30000000,0,0.0
What's the Worst That Could Happen?,45000000,0,0.0
Deliver Us from Evil,30000000,0,0.0
Splice,26000000,0,0.0
Wing Commander,30000000,0,0.0
Dragonball Evolution,100000000,0,0.0
The Last Stand,30000000,0,0.0
Chasing Liberty,23000000,12,0.0
Once Upon a Time in America,30000000,0,0.0
辛亥革命,30000000,108348,0.0
Wild Card,30000000,0,0.0
Goodbye Bafana,30000000,0,0.0
United Passions,27000000,0,0.0
Grace of Monaco,30000000,0,0.0
Савва. Сердце воина,30000000,0,0.0
Ripley's Game,30000000,0,0.0
The Borrowers,29000000,0,0.0
Divine Secrets of the Ya-Ya Sisterhood,27000000,0,0.0
Silverado,26000000,0,0.0
Blood and Wine,26000000,0,0.0
Snow White: A Tale of Terror,26000000,0,0.0
Accidental Love,26000000,0,0.0
Viy,26000000,0,0.0
Nothing to Lose,25000000,0,0.0
The Wild Thornberrys Movie,35000000,0,0.0
Half Past Dead,13000000,0,0.0
Unaccompanied Minors,26000000,0,0.0
The Ruins,8000000,0,0.0
Lifeforce,25000000,0,0.0
Say It Isn't So,25000000,0,0.0
The World's Fastest Indian,25000000,0,0.0
Where the Truth Lies,25000000,0,0.0
Ironclad,25000000,0,0.0
一個人的武林,25000000,0,0.0
Red Sky,25000000,0,0.0
Nurse Betty,24000000,0,0.0
"Girl, Interrupted",40000000,0,0.0
Beyond the Sea,23000000,0,0.0
Someone Like You...,23000000,0,0.0
The Adventurer: The Curse of the Midas Box,25000000,6399,0.0
Forsaken,11000000,0,0.0
Shadowlands,22000000,0,0.0
Josie and the Pussycats,22000000,0,0.0
I Heart Huckabees,22000000,0,0.0
Dudley Do-Right,70000000,0,0.0
Arlington Road,21500000,0,0.0
"South Park: Bigger, Longer & Uncut",21000000,0,0.0
Death at a Funeral,9000000,46,0.0
Tinker Tailor Soldier Spy,30000000,0,0.0
Holes,20000000,0,0.0
One Missed Call,20000000,0,0.0
Eye for an Eye,20000000,0,0.0
Vampires,20000000,0,0.0
Georgia Rule,20000000,0,0.0
The Country Bears,35000000,0,0.0
Envy,40000000,0,0.0
Three to Tango,20000000,0,0.0
We're No Angels,20000000,0,0.0
Everyone Says I Love You,20000000,0,0.0
Everybody's Fine,21000000,0,0.0
Willard,22000000,0,0.0
Birth,20000000,0,0.0
"Synecdoche, New York",21000000,0,0.0
My All American,20000000,0,0.0
Steamboy,20000000,0,0.0
People I Know,20000000,0,0.0
Butterfly on a Wheel,20000000,0,0.0
Zambezia,20000000,0,0.0
Hands of Stone,20000000,0,0.0
Survivor,20000000,0,0.0
The Painted Veil,19400000,0,0.0
Der Baader Meinhof Komplex,27000000,0,0.0
Fight Valley,27000000,0,0.0
Kansas City,18000000,0,0.0
Spy Hard,18000000,0,0.0
Young Sherlock Holmes,18000000,0,0.0
Life as a House,18000000,0,0.0
"I Love You, Beth Cooper",18000000,0,0.0
Youth in Revolt,18000000,0,0.0
Das weisse Band,15238800,0,0.0
I Come with the Rain,18000000,0,0.0
I Am Wrath,18000000,0,0.0
Wolves,18000000,0,0.0
Good Boy!,17000000,0,0.0
40 Days and 40 Nights,17000000,0,0.0
They,17000000,0,0.0
Shanghai Surprise,17000000,0,0.0
Chasseurs de dragons,15000000,0,0.0
My Girl,16500000,0,0.0
The Texas Chainsaw Massacre: The Beginning,16000000,0,0.0
Arn: Tempelriddaren,25000000,0,0.0
Radio Days,16000000,0,0.0
Remember Me,20000000,0,0.0
The Cookout,16000000,12,0.0
Hollywood Ending,16000000,0,0.0
Vamps,16000000,0,0.0
Zulu,16000000,0,0.0
Juwanna Mann,15600000,0,0.0
Wasabi,15300000,0,0.0
Slither,15500000,0,0.0
Little Women,18000000,0,0.0
The Hills Have Eyes II,15000000,0,0.0
Eye of the Beholder,15000000,0,0.0
De-Lovely,20000000,0,0.0
New York Stories,15000000,0,0.0
Brazil,15000000,0,0.0
You Will Meet a Tall Dark Stranger,22000000,0,0.0
The Clan of the Cave Bear,15000000,0,0.0
Buffalo Soldiers,15000000,0,0.0
Winnie Mandela,15000000,0,0.0
The Son of No One,15000000,0,0.0
All The Queen's Men,15000000,23000,0.0
The Good Night,15000000,20380,0.0
Autómata,7000000,0,0.0
Chiamatemi Francesco - Il Papa della gente,15000000,0,0.0
新宿事件,15000000,0,0.0
Freedom,14500000,0,0.0
My Boss's Daughter,14000000,0,0.0
A Walk on the Moon,14000000,0,0.0
剑雨,12000000,0,0.0
Margaret,14000000,46495,0.0
Clueless,12000000,0,0.0
The New Guy,13000000,0,0.0
This Christmas,13000000,0,0.0
Harriet the Spy,12000000,0,0.0
Two Can Play That Game,6000000,0,0.0
Birthday Girl,13000000,0,0.0
Womb,3100000,0,0.0
The Killer Inside Me,13000000,0,0.0
Beavis and Butt-Head Do America,12000000,0,0.0
The Postman Always Rings Twice,12000000,0,0.0
Sorority Boys,12000000,0,0.0
Cadillac Records,12000000,0,0.0
In the Cut,12000000,23,0.0
Ravenous,12000000,0,0.0
Charlie Bartlett,12000000,0,0.0
Married Life,12000000,0,0.0
Duma,12000000,0,0.0
Welcome to Collinwood,1200000,0,0.0
The Life Before Her Eyes,8000000,0,0.0
Trade,12000000,0,0.0
Breakfast of Champions,12000000,0,0.0
Cypher,7500000,0,0.0
5 Days of War,20000000,17479,0.0
Triangle,12000000,0,0.0
10 Days in a Madhouse,1200000,0,0.0
The Cry of the Owl,11500000,0,0.0
Drive Hard,12000000,0,0.0
Army of Darkness,11000000,0,0.0
Vera Drake,11000000,0,0.0
Copying Beethoven,11000000,0,0.0
LOL,11000000,0,0.0
September Dawn,11000000,0,0.0
La Famille Bélier,11000000,0,0.0
Misconduct,11000000,0,0.0
The Banger Sisters,10000000,0,0.0
A Prairie Home Companion,10000000,0,0.0
One Direction: This Is Us,10000000,0,0.0
"The Goods: Live Hard, Sell Hard",10000000,0,0.0
Love Jones,10000000,0,0.0
Get Over It,10000000,0,0.0
Over Her Dead Body,10000000,0,0.0
Teacher's Pet,10000000,0,0.0
The Straight Story,10000000,0,0.0
Bucky Larson: Born to Be a Star,10000000,0,0.0
Cecil B. Demented,10000000,0,0.0
The Brown Bunny,10000000,0,0.0
Imaginary Heroes,10000000,0,0.0
Edmond,10000000,0,0.0
Cinco de Mayo: La Batalla,10000000,0,0.0
Elsa & Fred,10000000,0,0.0
"An Alan Smithee Film: Burn, Hollywood, Burn",10000000,45779,0.0
The Good Guy,3200000,0,0.0
Strangerland,10000000,17472,0.0
Janky Promoters,10000000,9069,0.0
Blonde Ambition,10000000,0,0.0
The Oxford Murders,14100000,0,0.0
Beat the World,10000000,0,0.0
Adam Resurrected,10000000,0,0.0
The Devil's Tomb,10000000,0,0.0
"좋은 놈, 나쁜 놈, 이상한 놈",10000000,0,0.0
Gunless,10000000,0,0.0
American Heist,10000000,0,0.0
Re-Kill,9500000,0,0.0
Heavy Metal,9300000,0,0.0
Gentlemen Broncos,10000000,0,0.0
Into the Grizzly Maze,10000000,0,0.0
Detention,10000000,0,0.0
Down to You,9000000,0,0.0
The Contender,9000000,0,0.0
Henry V,9000000,0,0.0
The Ice Pirates,9000000,0,0.0
Trust the Man,9000000,0,0.0
Due occhi diabolici,9000000,0,0.0
All or Nothing,9000000,0,0.0
Flammen & Citronen,6500000,0,0.0
Veronika Decides to Die,9000000,0,0.0
The I Inside,8800000,0,0.0
Beneath Hill 60,7347125,0,0.0
Skin Trade,9000000,0,0.0
실미도,8000000,0,0.0
Kurtlar vadisi - Irak,10000000,0,0.0
Much Ado About Nothing,8000000,0,0.0
The Pallbearer,8000000,0,0.0
Woman on Top,8000000,0,0.0
8 femmes,8000000,0,0.0
Made in Dagenham,7200000,0,0.0
Pathology,8000000,0,0.0
Mr. Church,8000000,0,0.0
Code of Honor,8000000,0,0.0
Loin des hommes,7700000,0,0.0
The Hotel New Hampshire,7500000,0,0.0
Code 46,7500000,0,0.0
Outside Bet,7500000,0,0.0
Black November,12500000,0,0.0
Persepolis,7300000,0,0.0
Pound of Flesh,7500000,0,0.0
My Dog Skip,7000000,0,0.0
Get Low,7500000,0,0.0
Warlock,7000000,0,0.0
A Single Man,7000000,0,0.0
Bride & Prejudice,7000000,0,0.0
Redbelt,7000000,0,0.0
Cyrus,7000000,0,0.0
Factory Girl,7000000,0,0.0
The Mighty Macs,7000000,0,0.0
Mother and Child,7000000,0,0.0
Somewhere,8000000,0,0.0
Gerry,3500000,0,0.0
The Heart of Me,7000000,0,0.0
Twixt,7000000,0,0.0
Criminal Activities,7000000,0,0.0
Shade,6800000,0,0.0
Tropa de Elite,4000000,0,0.0
The Adventures of Huck Finn,6500000,0,0.0
Tracker,6500000,0,0.0
The Damned United,10000000,0,0.0
Ordinary People,6000000,0,0.0
The First Great Train Robbery,6000000,0,0.0
The Greatest,6000000,0,0.0
Come Early Morning,6000000,0,0.0
11:14,6000000,0,0.0
A Shine of Rainbows,6000000,0,0.0
The Hit List,6000000,0,0.0
Don Jon,6000000,0,0.0
Ghost World,7000000,0,0.0
Le Havre,3850000,0,0.0
R100,5500000,0,0.0
Salvation Boulevard,8000000,0,0.0
Somewhere in Time,5100000,0,0.0
Insidious: Chapter 2,5000000,0,0.0
The Apostle,5000000,0,0.0
April Fool's Day,5000000,0,0.0
Digimon: The Movie,5500000,0,0.0
The Forsaken,5000000,0,0.0
UHF,5000000,0,0.0
Slums of Beverly Hills,5000000,0,0.0
Light Sleeper,5000000,0,0.0
The Oh in Ohio,5000000,0,0.0
Albino Alligator,6000000,0,0.0
Decoys,5000000,0,0.0
Area 51,5000000,0,0.0
Mientras duermes,5000000,0,0.0
Rudderless,5000000,0,0.0
Henry & Me,5000000,0,0.0
Dying of the Light,15000000,0,0.0
Capricorn One,5000000,0,0.0
Yoga Hosers,5000000,0,0.0
Let's Kill Ward's Wife,5000000,0,0.0
Le Nom des gens,4600000,0,0.0
Treading Water,4700000,0,0.0
Savage Grace,4600000,0,0.0
Salvador,4500000,0,0.0
Karakter,4500000,0,0.0
Spun,2000000,0,0.0
放‧逐,4500000,0,0.0
R.L. Stine's Monsterville: The Cabinet of Souls,4400000,0,0.0
Sexy Beast,5000000,0,0.0
Paa,3250000,0,0.0
High School Musical,4200000,0,0.0
Survival of the Dead,4000000,0,0.0
Hansel and Gretel Get Baked,4500000,0,0.0
The Front Page,4000000,0,0.0
The Cooler,32000000,0,0.0
The Rules of Attraction,4000000,0,0.0
Samsara,4000000,0,0.0
The Loss of Sexual Innocence,4000000,0,0.0
Psycho Beach Party,1500000,0,0.0
"Guten Tag, Ramón",4000000,0,0.0
The Velocity of Gary,4000000,0,0.0
Purple Violets,4000000,0,0.0
The Veil,4000000,0,0.0
The Helpers,4000000,0,0.0
How to Fall in Love,4000000,0,0.0
Major Dundee,3800000,14873,0.0
The Good Heart,3800000,0,0.0
Chain of Command,5000000,0,0.0
Sharknado,1000000,0,0.0
D.E.B.S.,3500000,0,0.0
The Betrayed,3500000,0,0.0
2:13,3500000,0,0.0
"Batman: The Dark Knight Returns, Part 2",3500000,0,0.0
Time to Choose,3500000,0,0.0
In the Name of the King III,3500000,0,0.0
Wicked Blood,3500000,0,0.0
Lords of London,3440000,0,0.0
To Write Love on Her Arms,3400000,0,0.0
Class of 1984,4300000,0,0.0
Dreaming of Joseph Lees,2000000,7,0.0
Antiviral,2400000,0,0.0
Krush Groove,3000000,0,0.0
Whipped,3000000,0,0.0
Please Give,3000000,0,0.0
Compadres,3000000,0,0.0
Freeway,3000000,0,0.0
Sommersturm,2700000,0,0.0
Just Looking,3000000,0,0.0
Open Road,3000000,0,0.0
Never Back Down 2: The Beatdown,3000000,0,0.0
Something Wicked,3000000,0,0.0
AWOL-72,3000000,0,0.0
Chicago Overcoat,3200000,0,0.0
Amnesiac,3000000,0,0.0
Griff the Invisible,2902660,0,0.0
Timber Falls,2600000,0,0.0
My Own Private Idaho,2500000,0,0.0
The Other End of the Line,14000000,0,0.0
Stung,2500000,0,0.0
Antibirth,35000000,0,0.0
The Rise of the Krays,2500000,0,0.0
U.F.O.,2500000,0,0.0
Go for It!,2450000,0,0.0
The Brave Little Toaster,2000000,0,0.0
Eden,2300000,0,0.0
Mi America,2100000,3330,0.0
In the Shadow of the Moon,2000000,0,0.0
Grave Encounters,1000000,0,0.0
Nine Dead,2000000,0,0.0
The Lady from Shanghai,2300000,0,0.0
No Man's Land: The Rise of Reeker,2000000,0,0.0
Highway,14000000,0,0.0
Small Apartments,2000000,0,0.0
Straight A's,7000000,0,0.0
The Curse of Downers Grove,2000000,0,0.0
Shark Lake,2000000,0,0.0
River's Edge,19000000,0,0.0
The Marine 4: Moving Target,1950000,0,0.0
Brotherly Love,1900000,0,0.0
El Crimen del Padre Amaro,1800000,0,0.0
Independence Daysaster,1800000,0,0.0
Dysfunctional Friends,1800000,0,0.0
Against the Wild,1493619,0,0.0
In the Bedroom,1700000,0,0.0
Kickboxer: Vengeance,17000000,0,0.0
Nueve Reinas,1500000,0,0.0
The Salon,1500000,0,0.0
Road Hard,1500000,0,0.0
Forty Shades of Blue,1500000,0,0.0
Amigo,1200000,0,0.0
Trucker,2000000,0,0.0
Closer to the Moon,9000000,0,0.0
#Horror,1500000,0,0.0
La niña santa,1400000,0,0.0
The Dog Lover,2000000,0,0.0
GirlHouse,3150000,0,0.0
Batman,1377800,0,0.0
Festen,1300000,0,0.0
The Hebrew Hammer,1000000,0,0.0
The Lion of Judah,15000000,0,0.0
"Sex, Lies, and Videotape",1200000,0,0.0
Los insólitos peces gato,1300000,0,0.0
Blue Like Jazz,1250000,0,0.0
Certifiably Jonathan,1200000,0,0.0
Q,1344000,0,0.0
Crowsnest,1200000,0,0.0
Cotton Comes to Harlem,1200000,0,0.0
Dracula: Pages from a Virgin's Diary,1596010,0,0.0
Beyond the Black Rainbow,1100000,0,0.0
Rocket Singh: Salesman of the Year,1250000,0,0.0
Silent Running,1000000,0,0.0
20 Feet from Stardom,1000000,0,0.0
Bubba Ho-tep,1000000,0,0.0
Orgazmo,1000000,0,0.0
The Battle of Shaker Heights,1000000,0,0.0
Once in a Lifetime: The Extraordinary Story of the New York Cosmos,1000000,0,0.0
Antarctica: A Year on Ice,1000000,0,0.0
A LEGO Brickumentary,650000,0,0.0
Hardflip,1000000,0,0.0
Speedway Junky,1000000,0,0.0
Creative Control,1000000,0,0.0
Heli,1000000,0,0.0
Loving Annabelle,900000,0,0.0
Hits,1000000,0,0.0
Snow White: A Deadly Summer,1000000,0,0.0
My Last Day Without You,1000000,0,0.0
Doc Holliday's Revenge,1000000,0,0.0
Bang Bang Baby,1000000,0,0.0
Banshee Chapter,950000,0,0.0
Ask Me Anything,950000,0,0.0
Food Chains,913000,0,0.0
1982,1000000,0,0.0
جدایی نادر از سیمین,800000,0,0.0
Saints and Soldiers,780000,0,0.0
Il conformista,750000,0,0.0
Interview with the Assassin,500000,0,0.0
All the Boys Love Mandy Lane,750000,0,0.0
Adulterers,750000,0,0.0
Treachery,625000,0,0.0
Walter,700000,0,0.0
The Kentucky Fried Movie,600000,0,0.0
They Will Have to Kill Us First,522360,0,0.0
The Harvest (La Cosecha),56000,0,0.0
Love Letters,550000,0,0.0
Faith Connections,550000,0,0.0
Osama,46000,0,0.0
Deceptive Practice: The Mysteries and Mentors of Ricky Jay,500000,0,0.0
Johnny Suede,500000,0,0.0
Detention of the Dead,500000,0,0.0
Everything Put Together,500000,0,0.0
Girls Gone Dead,500000,0,0.0
The Little Ponderosa Zoo,500000,0,0.0
Metropolitan,225000,0,0.0
The Dark Hours,500000,0,0.0
Rotor DR1,350000,0,0.0
Pieces of April,300000,0,0.0
Old Joy,300000,0,0.0
Wendy and Lucy,200000,0,0.0
Pierrot le fou,300000,0,0.0
Anderson's Cross,300000,0,0.0
Some Guy Who Kills People,300000,0,0.0
American Desi,250000,0,0.0
Amidst the Devil's Wings,300000,0,0.0
The Sticky Fingers of Time,250000,0,0.0
Ink,250000,0,0.0
The Christmas Bunny,250000,0,0.0
The Business of Fancydancing,200000,0,0.0
Malevolence,450000,0,0.0
Super Hybrid,13000000,0,0.0
A Dog's Breakfast,120000,0,0.0
Une femme mariée: Suite de fragments d'un film tourné en 1964,120000,0,0.0
Queen Crab,75000,0,0.0
The Brain That Wouldn't Die,62000,0,0.0
Absentia,70000,0,0.0
Hayride,60000,0,0.0
Counting,50000,0,0.0
The Call of Cthulhu,50000,0,0.0
The Image Revolution,50000,0,0.0
"Run, Hide, Die",50000,0,0.0
Mutual Appreciation,500000,0,0.0
Pink Narcissus,27000,0,0.0
Dry Spell,22000,0,0.0
